V_kmh,V_ms,CL_required,mass_kg,sref_m2,cref_m,bref_m,cg_x_m,cg_y_m,cg_z_m,rho,alpha_trim_deg,delta_e_trim_deg,CL_trim,CD_trim,CM_trim,L_D_trim,trim_valid,Cma_per_deg,Cma_per_rad,Cmde_per_deg,Cmde_per_rad,elevator_margin_up_deg,elevator_margin_down_deg,elevator_authority_score,Cma_fit_points,Cmde_fit_points,drag_N,shaft_power_W,electrical_power_W,aux_power_W,total_power_W,endurance_min,range_km
30,8.333333333333334,2.213948641324411,1.8,0.18751256281407033,0.23281086279830468,1.0,0.032,0.0,0.007,1.225,,,,,,,False,,,,,,,,,,,,,10.0,,,
31,8.61111111111111,2.0734170418230704,1.8,0.18751256281407033,0.23281086279830468,1.0,0.032,0.0,0.007,1.225,,,,,,,False,,,,,,,,,,,,,10.0,,,
32,8.88888888888889,1.9458532980390333,1.8,0.18751256281407033,0.23281086279830468,1.0,0.032,0.0,0.007,1.225,,,,,,,False,,,,,,,,,,,,,10.0,,,
33,9.166666666666666,1.829709620929266,1.8,0.18751256281407033,0.23281086279830468,1.0,0.032,0.0,0.007,1.225,,,,,,,False,,,,,,,,,,,,,10.0,,,
34,9.444444444444445,1.7236624370172753,1.8,0.18751256281407033,0.23281086279830468,1.0,0.032,0.0,0.007,1.225,,,,,,,False,,,,,,,,,,,,,10.0,,,
35,9.722222222222221,1.6265745119934456,1.8,0.18751256281407033,0.23281086279830468,1.0,0.032,0.0,0.007,1.225,,,,,,,False,,,,,,,,,,,,,10.0,,,
36,10.0,1.5374643342530636,1.8,0.18751256281407033,0.23281086279830468,1.0,0.032,0.0,0.007,1.225,,,,,,,False,,,,,,,,,,,,,10.0,,,
37,10.277777777777777,1.4554812105127615,1.8,0.18751256281407033,0.23281086279830468,1.0,0.032,0.0,0.007,1.225,,,,,,,False,,,,,,,,,,,,,10.0,,,
38,10.555555555555555,1.3798848872520573,1.8,0.18751256281407033,0.23281086279830468,1.0,0.032,0.0,0.007,1.225,,,,,,,False,,,,,,,,,,,,,10.0,,,
39,10.833333333333334,1.3100287818487641,1.8,0.18751256281407033,0.23281086279830468,1.0,0.032,0.0,0.007,1.225,,,,,,,False,,,,,,,,,,,,,10.0,,,
40,11.11111111111111,1.2453461107449815,1.8,0.18751256281407033,0.23281086279830468,1.0,0.032,0.0,0.007,1.225,,,,,,,False,,,,,,,,,,,,,10.0,,,
41,11.38888888888889,1.1853383564497144,1.8,0.18751256281407033,0.23281086279830468,1.0,0.032,0.0,0.007,1.225,,,,,,,False,,,,,,,,,,,,,10.0,,,
42,11.666666666666666,1.1295656333287816,1.8,0.18751256281407033,0.23281086279830468,1.0,0.032,0.0,0.007,1.225,,,,,,,False,,,,,,,,,,,,,10.0,,,
43,11.944444444444445,1.077638603132488,1.8,0.18751256281407033,0.23281086279830468,1.0,0.032,0.0,0.007,1.225,,,,,,,False,,,,,,,,,,,,,10.0,,,
44,12.222222222222221,1.029211661772712,1.8,0.18751256281407033,0.23281086279830468,1.0,0.032,0.0,0.007,1.225,,,,,,,False,,,,,,,,,,,,,10.0,,,
45,12.5,0.9839771739219607,1.8,0.18751256281407033,0.23281086279830468,1.0,0.032,0.0,0.007,1.225,,,,,,,False,,,,,,,,,,,,,10.0,,,
46,12.777777777777777,0.9416605752325004,1.8,0.18751256281407033,0.23281086279830468,1.0,0.032,0.0,0.007,1.225,,,,,,,False,,,,,,,,,,,,,10.0,,,
47,13.055555555555555,0.9020161961032008,1.8,0.18751256281407033,0.23281086279830468,1.0,0.032,0.0,0.007,1.225,,,,,,,False,,,,,,,,,,,,,10.0,,,
48,13.333333333333332,0.8648236880173484,1.8,0.18751256281407033,0.23281086279830468,1.0,0.032,0.0,0.007,1.225,,,,,,,False,,,,,,,,,,,,,10.0,,,
49,13.61111111111111,0.8298849550986966,1.8,0.18751256281407033,0.23281086279830468,1.0,0.032,0.0,0.007,1.225,7.999999999999999,16.26194724005648,0.8245816690795724,0.06652261082736423,-0.004633903245239079,12.395509719537028,True,-0.008063971285292827,-0.4620315207619649,0.0065920836960482385,0.3776985739805646,56.26194724005648,23.73805275994352,23.73805275994352,9.0,9.0,1.415444700825909,25.68770012609983,31.81139334501527,10.0,41.81139334501527,142.72090745120855,116.55540775182031
50,13.88888888888889,0.7970215108767881,1.8,0.18751256281407033,0.23281086279830468,1.0,0.032,0.0,0.007,1.225,7.674307335038361,16.564324002954155,0.7970215108771128,0.06418924913641903,1.5062187608272382e-12,12.416744573273206,True,-0.008057922985988012,-0.4616849787385671,0.0066279489545449785,0.3797535019235736,56.56432400295415,23.435675997045845,23.435675997045845,9.0,9.0,1.4221118825312464,26.335405232060122,32.613504931343805,10.0,42.613504931343805,140.03447990523745,116.6953999210312
51,14.166666666666666,0.7660721942299001,1.8,0.18751256281407033,0.23281086279830468,1.0,0.032,0.0,0.007,1.225,7.245437284286498,16.08623524314143,0.7660721942340327,0.06100895786890831,2.6577896133916923e-11,12.556716603488194,True,-0.008067485969220934,-0.46223289731736783,0.006675176101135886,0.3824594181016782,56.08623524314143,23.91376475685857,23.91376475685857,9.0,9.0,1.4062593397377425,26.562676417268467,32.89495531550275,10.0,42.89495531550275,139.11565954804308,118.24831061583662
52,14.444444444444445,0.7368911897899298,1.8,0.18751256281407033,0.23281086279830468,1.0,0.032,0.0,0.007,1.225,6.840923870703818,15.629474672951561,0.7368911897929115,0.05795988412175964,1.9602416044539606e-11,12.71381406223798,True,-0.008076622334769242,-0.46275637250337465,0.006719721096170546,0.3850116583155955,55.62947467295156,24.37052532704844,24.37052532704844,9.0,9.0,1.3888829830002374,26.748857450374942,33.12552006238383,10.0,43.12552006238383,138.37189653290747,119.92231032851981
53,14.722222222222221,0.7093463072951124,1.8,0.18751256281407033,0.23281086279830468,1.0,0.032,0.0,0.007,1.225,6.458957053836964,15.192884897444014,0.7093463072973489,0.05503590356920045,1.4498916824090546e-11,12.888791884836392,True,-0.008085355233456258,-0.463256730741056,0.00676178326120494,0.38742164284924896,55.19288489744402,24.807115102555986,24.807115102555986,9.0,9.0,1.3700275524527816,26.893133437036084,33.304190014905366,10.0,43.304190014905366,137.80098410675797,121.7242026276362
54,15.0,0.6833174818902504,1.8,0.18751256281407033,0.23281086279830468,1.0,0.032,0.0,0.007,1.225,6.097891932112369,14.7753784660061,0.6833174818917472,0.052231148270744605,1.0752738868573253e-11,13.082566715740441,True,-0.008093706417042006,-0.4637352183144583,0.006801543732710601,0.3896997500579735,54.7753784660061,25.2246215339939,25.2246215339939,9.0,9.0,1.349735138655418,26.994702773108358,33.4299724744376,10.0,43.4299724744376,137.4018830776907,123.66169476992162
55,15.277777777777777,0.6586954635345357,1.8,0.18751256281407033,0.23281086279830468,1.0,0.032,0.0,0.007,1.225,5.758470399274982,14.403431089758536,0.6586954635358321,0.05003589708634416,1.1920638087747903e-12,13.164457957037486,True,-0.008101146304405138,-0.4641614924604185,0.0068105635291732455,0.39021654632735003,54.403431089758534,25.596568910241466,25.596568910241466,9.0,9.0,1.341338933791429,27.323570873529107,33.837239471862674,10.0,43.837239471862674,136.12535989703926,124.78157990561932
56,15.555555555555555,0.6353806687474396,1.8,0.18751256281407033,0.23281086279830468,1.0,0.032,0.0,0.007,1.225,5.438121239157399,14.065111956396285,0.6353806687486745,0.04814136887655428,7.729962503422172e-13,13.198226049158242,True,-0.00810791354193858,-0.4645492266100473,0.006808229102983821,0.39008279355911124,54.06511195639629,25.934888043603713,25.934888043603713,9.0,9.0,1.3379070743496255,27.749183764288528,34.36431425918084,10.0,44.36431425918084,134.5081085923717,125.54090135288025
57,15.833333333333332,0.6132821721120255,1.8,0.18751256281407033,0.23281086279830468,1.0,0.032,0.0,0.007,1.225,5.134706240249969,13.74859661611886,0.6132821721129984,0.04634632164822546,5.567612343382322e-13,13.232596467264196,True,-0.00811424464851641,-0.4649119722966044,0.006806018078239904,0.3899561111728858,53.74859661611886,26.25140338388114,26.25140338388114,9.0,9.0,1.3344319872303003,28.17134195263967,34.88711077726275,10.0,44.88711077726275,132.94150362252154,126.29442844139545
58,16.11111111111111,0.592316818428053,1.8,0.18751256281407033,0.23281086279830468,1.0,0.032,0.0,0.007,1.225,4.847045204489937,13.451974294176463,0.5923168184287273,0.04464388878513297,4.0789420452380654e-13,13.267590134889346,True,-0.008120177844461776,-0.465251919383298,0.006803921854683992,0.38983600641021615,53.451974294176466,26.548025705823537,26.548025705823537,9.0,9.0,1.3309123827684006,28.58996970391379,35.405535237044944,10.0,45.405535237044944,131.42362420895813,127.04283673532619
59,16.38888888888889,0.5724084392967453,1.8,0.18751256281407033,0.23281086279830468,1.0,0.032,0.0,0.007,1.225,4.574059836624193,13.173546049786967,0.5724084392973149,0.043027788591436085,2.9937987852668435e-13,13.303227008306965,True,-0.008125747112883214,-0.4655710149588219,0.006801932574637677,0.38972202905929265,53.173546049786964,26.826453950213033,26.826453950213033,9.0,9.0,1.3273471157780998,29.004992529965886,35.91949539314661,10.0,45.91949539314661,129.9526475391238,127.78677008013842
60,16.666666666666668,0.5534871603311028,1.8,0.18751256281407033,0.23281086279830468,1.0,0.032,0.0,0.007,1.225,4.314763248304325,12.911796445569653,0.5534871603314386,0.04149226515305704,2.199651051582041e-13,13.339526253621734,True,-0.008130982766357552,-0.4658709958058944,0.006800043046516609,0.38961376707268425,52.91179644556965,27.088203554430347,27.088203554430347,9.0,9.0,1.3237351660233436,29.416337022740972,36.42890033775972,10.0,46.42890033775972,128.52684333656,128.52684333656003
61,16.944444444444443,0.535488787205582,1.8,0.18751256281407033,0.23281086279830468,1.0,0.032,0.0,0.007,1.225,4.068250720544893,12.665369636740175,0.5354887872059295,0.040032036115196706,1.634323102198132e-13,13.376506397651122,True,-0.00813591192520643,-0.4661534158044847,0.006798246677515326,0.38951084271046255,52.665369636740174,27.334630363259826,27.334630363259826,9.0,9.0,1.3200756217716276,29.82393071409973,36.93366032705849,10.0,46.93366032705849,127.14456870434334,129.2636448494157
62,17.22222222222222,0.5183542604557676,1.8,0.18751256281407033,0.23281086279830468,1.0,0.032,0.0,0.007,1.225,3.833643966438542,12.408048464437481,0.5183542604559426,0.038830006054551544,2.25179423718469e-12,13.349322164094346,True,-0.008141058998852693,-0.46644832140125864,0.006805077479159533,0.3899022188153667,52.408048464437485,27.59195153556252,27.59195153556252,9.0,9.0,1.322763791520491,30.374575953433496,37.61557393614055,10.0,47.61557393614055,125.32370203083352,129.50115876519462
63,17.5,0.5020291703683473,1.8,0.18751256281407033,0.23281086279830468,1.0,0.032,0.0,0.007,1.225,3.610108673420601,12.152432741442482,0.5020291703684798,0.0377461931496322,4.24838983437148e-13,13.300127204307797,True,-0.008146171959203467,-0.46674127245017566,0.006814924437631249,0.39046640797683657,52.15243274144248,27.84756725855752,27.84756725855752,9.0,9.0,1.3276564749159232,30.97865108137154,38.363654589933795,10.0,48.363654589933795,123.38521665899958,129.55447749194954
64,17.77777777777778,0.4864633245097583,1.8,0.18751256281407033,0.23281086279830468,1.0,0.032,0.0,0.007,1.225,3.3969597021604114,11.907648385634067,0.4864633245098873,0.03669988318997877,3.214338517576465e-13,13.255173647057285,True,-0.008151068264841766,-0.4670218100984563,0.006824313867997931,0.39100438270887944,51.90764838563407,28.09235161436593,28.09235161436593,9.0,9.0,1.3321590852131042,31.577104242088396,39.10477305521783,10.0,49.10477305521783,121.52301352232631,129.62454775714806
65,18.055555555555554,0.47161036146555524,1.8,0.18751256281407033,0.23281086279830468,1.0,0.032,0.0,0.007,1.225,3.193563511555215,11.673106628507362,0.4716103614656492,0.03568967285970844,2.440365617917273e-13,13.21419681596661,True,-0.008155759692625386,-0.4672906091103482,0.006833273678393661,0.3915177420297922,51.67310662850736,28.326893371492638,28.326893371492638,9.0,9.0,1.3362900708931094,32.16994615113041,39.83894260201909,10.0,49.83894260201909,119.73287731345748,129.7106170895789
66,18.333333333333332,0.4574274052323165,1.8,0.18751256281407033,0.23281086279830468,1.0,0.032,0.0,0.007,1.225,2.999334135470289,11.448257137939377,0.4574274052324027,0.034714193197171665,1.8594414202821596e-13,13.176956256315114,True,-0.00816025725058738,-0.46754830019968585,0.006841829681226479,0.3920079648816146,51.44825713793938,28.55174286206062,28.55174286206062,9.0,9.0,1.3400666782619588,32.75718546862566,40.56617395495437,10.0,50.56617395495437,118.01090597275316,129.81199657002847
67,18.61111111111111,0.4438747554448586,1.8,0.18751256281407033,0.23281086279830468,1.0,0.032,0.0,0.007,1.225,2.8137289593278574,11.232585132535391,0.4438747554449071,0.03377211302117718,1.424476855915735e-13,13.14323315116737,True,-0.00816457123565638,-0.46779547333702204,0.006850005779223959,0.39247642078975564,51.23258513253539,28.76741486746461,28.76741486746461,9.0,9.0,1.3435050414846794,33.338828807212415,41.28647530304943,10.0,51.28647530304943,116.35348237014037,129.9280553133234
68,18.88888888888889,0.4309156092543188,1.8,0.18751256281407033,0.23281086279830468,1.0,0.032,0.0,0.007,1.225,2.6362449277457918,11.025608737325609,0.4309156092543677,0.032862141351282514,1.088725463949114e-13,13.112828060961107,True,-0.008168711286549392,-0.46803268078016097,0.006857824132490622,0.39292437943467773,51.02560873732561,28.97439126267439,28.97439126267439,9.0,9.0,1.3466202651259167,33.91488075131938,41.99985232361533,10.0,51.99985232361533,114.75724897953164,130.05821551013585
69,19.166666666666668,0.4185158112144445,1.8,0.18751256281407033,0.23281086279830468,1.0,0.032,0.0,0.007,1.225,2.466415133642405,10.826876558740432,0.4185158112144872,0.03198302901035089,8.336560608501742e-14,13.085558940619416,True,-0.00817268643227839,-0.46826043985338206,0.006865305308761351,0.393353019260784,50.82687655874043,29.17312344125957,29.17312344125957,9.0,9.0,1.3494264998638223,34.485343885408795,42.70630821722452,10.0,52.70630821722452,113.21908518817216,130.201947966398
70,19.444444444444443,0.4066436279983614,1.8,0.18751256281407033,0.23281086279830468,1.0,0.032,0.0,0.007,1.225,2.3038057455861374,10.635965459151757,0.40664362799837683,0.03113356956514523,6.467732165810203e-14,13.061259395505488,True,-0.008176505136665128,-0.46847923549795023,0.006872468418754781,0.39376343523159546,50.635965459151755,29.364034540848245,29.364034540848245,9.0,9.0,1.3519370119911231,35.05021882939949,43.40584375157832,10.0,53.40584375157832,111.73608693006832,130.3587680850797
71,19.72222222222222,0.39526954516801643,1.8,0.18751256281407033,0.23281086279830468,1.0,0.032,0.0,0.007,1.225,2.1480132355858395,10.452478513120356,0.3952695451680289,0.030312599733586333,4.998532512380527e-14,13.039777143564187,True,-0.008180175339221338,-0.4686895226143792,0.0068793312382919814,0.3941566458266369,50.452478513120354,29.547521486879646,29.547521486879646,9.0,9.0,1.3541642472559976,35.609504279694754,44.09845731231548,10.0,54.09845731231548,110.30554837358616,130.52823224207697
72,20.0,0.3843660835632659,1.8,0.18751256281407033,0.23281086279830468,1.0,0.032,0.0,0.007,1.225,1.9986654016018504,10.276072246338828,0.38436608356325563,0.02952170430001272,-1.509079319839124e-14,13.019779605444054,True,-0.008183703910301057,-0.468891694844959,0.006885754384859075,0.3945246650161254,50.27607224633883,29.723927753661172,29.723927753661172,9.0,9.0,1.3562441558239635,36.16651082197236,44.788248695941,10.0,54.788248695941,108.91678675690348,130.70014410828418
73,20.27777777777778,0.3739076331754495,1.8,0.18751256281407033,0.23281086279830468,1.0,0.032,0.0,0.007,1.225,1.855782849845341,10.109626437990729,0.37390763317545384,0.029045041635563984,2.3179700346653842e-14,12.873372256338081,True,-0.00818703324704398,-0.46908245178890634,0.0068753708203780975,0.3939297305950634,50.10962643799073,29.890373562009273,29.890373562009273,9.0,9.0,1.3716685611500483,37.08585369035316,45.926753796102986,10.0,55.926753796102986,106.69955960175558,129.8177975154693
74,20.555555555555554,0.36387030262819037,1.8,0.18751256281407033,0.23281086279830468,1.0,0.032,0.0,0.007,1.225,1.718587741914778,9.952335947771708,0.36387030262819947,0.028602423189874646,1.620361830823036e-14,12.721659987081471,True,-0.008188605229925334,-0.4691725197734747,0.006865400573961309,0.39335847755467596,49.95233594777171,30.047664052228292,30.047664052228292,9.0,9.0,1.3880264067685901,38.04220522254654,47.11109005888117,10.0,57.11109005888117,104.48688676485935,128.86716034332653
75,20.833333333333332,0.3542317826119059,1.8,0.18751256281407033,0.23281086279830468,1.0,0.032,0.0,0.007,1.225,1.5867244925255246,9.806554091787888,0.3542317826119049,0.028212700031744885,1.4737126449726468e-14,12.555756174110378,True,-0.008186706425524739,-0.46906372629519977,0.006855817804505749,0.3928094253088255,49.80655409178789,30.193445908212112,30.193445908212112,9.0,9.0,1.4063669089409572,39.065747470582146,48.378634638491825,10.0,58.378634638491825,102.21821796540331,127.77277245675414
76,21.11111111111111,0.3449712218130143,1.8,0.18751256281407033,0.23281086279830468,1.0,0.032,0.0,0.007,1.225,1.4600489268108165,9.666298139158963,0.34497122181302875,0.027835006607769996,1.1384339651532294e-14,12.393430570148736,True,-0.008184879595853352,-0.46895905666514004,0.006846612034531786,0.3922819735421492,49.66629813915896,30.33370186084104,30.33370186084104,9.0,9.0,1.4247870999118224,40.10511836788833,49.66578126054282,10.0,59.66578126054282,100.01310422706618,126.68326535428382
77,21.38888888888889,0.3360691140482325,1.8,0.18751256281407033,0.23281086279830468,1.0,0.032,0.0,0.007,1.225,1.3382922729570854,9.531294648117223,0.3360691140482336,0.027468922413300192,8.86031699398604e-15,12.234521216074793,True,-0.008183121179340159,-0.46885830682030794,0.006837763731847265,0.3917750031424718,49.531294648117225,30.468705351882775,30.468705351882775,9.0,9.0,1.4432930956709138,41.16058087654088,50.972855574663626,10.0,60.972855574663626,97.86912460894565,125.59870991481357
78,21.666666666666668,0.32750719546219104,1.8,0.18751256281407033,0.23281086279830468,1.0,0.032,0.0,0.007,1.225,1.2212029524992778,9.401286738308029,0.32750719546219476,0.02711403916248176,7.046229918983293e-15,12.078878897371109,True,-0.008181427830126074,-0.468761285057099,0.006829254613735492,0.3912874665872889,49.40128673830803,30.59871326169197,30.59871326169197,9.0,9.0,1.4618906398542793,42.23239626245696,52.30018112997766,10.0,62.30018112997766,95.78399118214797,124.51918853679237
79,21.944444444444443,0.31926835077583254,1.8,0.18751256281407033,0.23281086279830468,1.0,0.032,0.0,0.007,1.225,1.1085452765291162,9.276032912212647,0.3192683507758387,0.026769961080964896,5.584291709603839e-15,11.926365892360534,True,-0.008179796402713,-0.468667811151748,0.006821067552206055,0.3908183825150383,49.27603291221265,30.72396708778735,30.72396708778735,9.0,9.0,1.4805851304051656,43.32082418592892,53.648079487218475,10.0,63.648079487218475,93.75553902138304,123.44479304482101
80,22.22222222222222,0.31133652768624537,1.8,0.18751256281407033,0.23281086279830468,1.0,0.032,0.0,0.007,1.225,1.0000982558584588,9.155305972367822,0.3113365276862476,0.02643630505923075,4.376490489454987e-15,11.776854858827496,True,-0.008178223937860635,-0.4685777155522748,0.006813186487526984,0.3903668307708579,49.15530597236782,30.84469402763218,30.84469402763218,9.0,9.0,1.4993816440528127,44.42612278675001,55.01687032414861,10.0,65.01687032414861,91.78171711817387,122.37562282423181
81,22.5,0.30369665861788914,1.8,0.18751256281407033,0.23281086279830468,1.0,0.032,0.0,0.007,1.225,0.895654513888275,9.038892025669561,0.30369665861789163,0.02611270069203634,3.629366772395226e-15,11.63022784198307,True,-0.008176707649617563,-0.46849083863542146,0.006805596349220733,0.38993194787998914,49.03889202566956,30.96110797433044,30.96110797433044,9.0,9.0,1.5182849588086214,45.54854876425864,56.40687153468562,10.0,66.40687153468562,89.86058011907896,121.31178316075659
82,22.77777777777778,0.2963345891124286,1.8,0.18751256281407033,0.23281086279830468,1.0,0.032,0.0,0.007,1.225,0.7950192921715661,8.926589566924077,0.2963345891124308,0.02579879022536293,2.67841304690819e-15,11.486375389071641,True,-0.008175244913384548,-0.4684070300227289,0.006798282983796423,0.3895129229071393,48.92658956692408,31.07341043307592,31.07341043307592,9.0,9.0,1.5372995746595826,46.68835745262436,57.81839932213543,10.0,67.81839932213543,87.99028080352079,120.25338376481174
83,23.055555555555554,0.289237012221218,1.8,0.18751256281407033,0.23281086279830468,1.0,0.032,0.0,0.007,1.225,0.6980095397447295,8.818208634587354,0.28923701222122095,0.025494228428790844,2.0973891026732083e-15,11.345195757898804,True,-0.008173833254918049,-0.46832614795048455,0.006791233088569717,0.3891089936646396,48.81820863458735,31.181791365412646,31.181791365412646,9.0,9.0,1.5564297326210743,47.845802891684876,59.25176828691625,10.0,69.25176828691625,86.16906322560165,119.20053746208227
84,23.333333333333332,0.2823914083321954,1.8,0.18751256281407033,0.23281086279830468,1.0,0.032,0.0,0.007,1.225,0.6044530782549887,8.713570032322995,0.28239140833219456,0.025198682408299734,1.7578169822507483e-15,11.206594208242523,True,-0.00817247034019104,-0.46824805868879066,0.006784434150990927,0.388719443236202,48.71357003232299,31.286429967677005,31.286429967677005,9.0,9.0,1.5756794322946372,49.021137893610934,60.707291509115706,10.0,70.7072915091157,84.39525645287486,118.15335903402479
85,23.61111111111111,0.27578598992276404,1.8,0.18751256281407033,0.23281086279830468,1.0,0.032,0.0,0.007,1.225,0.5141878357575109,8.612504610631733,0.2757859899227672,0.024911831372048634,1.4859532875000081e-15,11.070482366551433,True,-0.00817115396603624,-0.4681726360054605,0.006777874392963499,0.3883435967866033,48.61250461063173,31.38749538936827,31.38749538936827,9.0,9.0,1.595052448062464,50.21461410567016,62.185280626216915,10.0,72.18528062621692,82.6672688425169,117.11196419356561
86,23.88888888888889,0.269409650783122,1.8,0.18751256281407033,0.23281086279830468,1.0,0.032,0.0,0.007,1.225,0.4270611427985646,8.514852603355092,0.269409650783121,0.02463336635961611,1.0376898992858763e-15,10.936777655561954,True,-0.008169882051504132,-0.4680997606708695,0.006771542719688967,0.3879808186307168,48.514852603355095,31.48514739664491,31.48514739664491,9.0,9.0,1.6145523440370821,51.42648206932929,63.68604590629014,10.0,73.68604590629013,80.98358280194545,116.07646868278847
87,24.166666666666664,0.26325191930135694,1.8,0.18751256281407033,0.23281086279830468,1.0,0.032,0.0,0.007,1.225,0.34292908506484276,8.42046301435636,0.26325191930135594,0.02436298994345382,8.257825846735845e-16,10.805402781528876,True,-0.008168652629874453,-0.4680293200002468,0.006765428672622645,0.38763050953807227,48.42046301435636,31.579536985643642,31.579536985643642,9.0,9.0,1.6341824878740403,52.656991275941294,65.20989631695517,10.0,75.20989631695517,79.34274998667604,115.04698748068024
88,24.444444444444443,0.257302915443178,1.8,0.18751256281407033,0.23281086279830468,1.0,0.032,0.0,0.007,1.225,0.2616559074587817,8.329193050119779,0.25730291544318146,0.02410041590982445,7.294512216482474e-16,10.67628527266589,True,-0.008167463841265848,-0.4679612074302405,0.006759522386166586,0.3872921042515448,48.32919305011978,31.670806949880223,31.670806949880223,9.0,9.0,1.65394606354416,53.906390219217066,66.75713959036169,10.0,76.75713959036169,77.7433868933453,114.02363411023977
89,24.72222222222222,0.25155331109607,1.8,0.18751256281407033,0.23281086279830468,1.0,0.032,0.0,0.007,1.225,0.1831134649835291,8.24090759441329,0.2515533110960705,0.0238453689252747,5.924351721003918e-16,10.549357063183814,True,-0.008166313925793362,-0.4678953221268702,0.006753814547764279,0.3869650692009499,48.24090759441329,31.75909240558671,31.75909240558671,9.0,9.0,1.6738460831536988,55.17492644469599,68.32808228445325,10.0,78.32808228445325,76.18417081027424,113.00652003524011
90,25.0,0.24599429348049018,1.8,0.18751256281407033,0.23281086279830468,1.0,0.032,0.0,0.007,1.225,0.1071807162807062,8.15547872151493,0.2459942934804915,0.02359758419364599,4.564355620892413e-16,10.424554117990148,True,-0.00816520121722821,-0.4678315686222589,0.006748296361095011,0.38664890039423555,48.15547872151493,31.844521278485068,31.844521278485068,9.0,9.0,1.69388539789216,56.462846596405335,69.92302984074963,10.0,79.92302984074963,74.663836091928,111.99575413789202
91,25.27777777777778,0.2406175313599771,1.8,0.18751256281407033,0.23281086279830468,1.0,0.032,0.0,0.007,1.225,0.033743256073550075,8.072785244823212,0.24061753135997616,0.02335680710774353,3.9833587817117433e-16,10.30181609369903,True,-0.008164124137118459,-0.46776985647777275,0.006742959512095563,0.3863431214706685,48.07278524482321,31.927214755176788,31.927214755176788,9.0,9.0,1.7140667081797565,57.77039646087328,71.54228663885236,10.0,81.54228663885236,73.18117072714932,110.9914422695098
92,25.555555555555554,0.2354151438081251,1.8,0.18751256281407033,0.23281086279830468,1.0,0.032,0.0,0.007,1.225,-0.03730702675126257,7.991354089414946,0.23541514380812556,0.02317729162772495,4.388850394221322e-16,10.15714638230289,True,-0.00816306349870642,-0.4677090863731734,0.006741927067664131,0.38628396676216575,47.99135408941495,32.00864591058505,32.00864591058505,9.0,9.0,1.7384804092974495,59.23711024272791,73.3586504553906,10.0,83.3586504553906,71.58657160834719,109.76607646613235
93,25.833333333333332,0.23037967131367448,1.8,0.18751256281407033,0.23281086279830468,1.0,0.032,0.0,0.007,1.225,-0.10607779358436382,7.91130136519876,0.23037967131367465,0.023050216166485865,1.97758476261356e-16,9.994685934817301,True,-0.008162020814320249,-0.4676493449584816,0.006744544189777994,0.38643391681376044,47.91130136519876,32.08869863480124,32.08869863480124,9.0,9.0,1.76673885654445,60.85433839208661,75.36140977348187,10.0,85.36140977348187,69.906999144405,108.35584867382774
94,26.11111111111111,0.2255040490258002,1.8,0.18751256281407033,0.23281086279830468,1.0,0.032,0.0,0.007,1.225,-0.17266716275097796,7.833751127101964,0.22550404902580073,0.02292619505008243,2.0643209364124004e-16,9.836086997130819,True,-0.008161010724742424,-0.46759147108874205,0.00674707829719921,0.38657911047382887,47.83375112710196,32.16624887289804,32.16624887289804,9.0,9.0,1.7952260899228396,62.50046387138775,77.39995525868453,10.0,87.39995525868453,68.27646515765295,106.96646208032294
95,26.38888888888889,0.22078158196032913,1.8,0.18751256281407033,0.23281086279830468,1.0,0.032,0.0,0.007,1.225,-0.23716641012604328,7.758600533651858,0.22078158196032935,0.02280515012221164,1.1622647289044608e-16,9.68121589979334,True,-0.008160031890465777,-0.4675353880158475,0.006749532863498325,0.3867197467633032,47.75860053365186,32.24139946634814,32.24139946634814,9.0,9.0,1.8239444490001464,64.1758232055607,79.4747036601371,10.0,89.4747036601371,66.69326363646387,105.59766742440112
96,26.666666666666664,0.2162059220043371,1.8,0.18751256281407033,0.23281086279830468,1.0,0.032,0.0,0.007,1.225,-0.29966208778185144,7.6857519530511285,0.21620592200433697,0.022687004279277577,1.43982048506075e-16,9.529945837839001,True,-0.008159083039839008,-0.46748102287954524,0.006751911182478118,0.38685601440318124,47.68575195305113,32.31424804694887,32.31424804694887,9.0,9.0,1.852896154969554,65.88075217669525,81.58607080705295,10.0,91.58607080705295,65.15575946665092,104.24921514664146
97,26.944444444444443,0.21177104657157728,1.8,0.18751256281407033,0.23281086279830468,1.0,0.032,0.0,0.007,1.225,-0.3602363143004699,7.615112650832643,0.21177104657157703,0.02257168161355155,9.194034422677078e-17,9.382156376175104,True,-0.008158162964998406,-0.4674283064743426,0.006754216379221625,0.38698809244753146,47.61511265083264,32.38488734916736,32.38488734916736,9.0,9.0,1.8820833177371057,67.61558585944417,83.73447165256243,10.0,93.73447165256243,63.66238476404609,102.92085536854117
98,27.22222222222222,0.20747123877467416,1.8,0.18751256281407033,0.23281086279830468,1.0,0.032,0.0,0.007,1.225,-0.41896704448481314,7.546594499065263,0.20747123877467433,0.022459107529867486,7.806255641895632e-17,9.237732999798254,True,-0.008157270518080243,-0.46737717303249243,0.006756451420356209,0.38711615087158124,47.546594499065264,32.453405500934736,32.453405500934736,9.0,9.0,1.9115079425207087,69.38065865445535,85.92032031511498,10.0,95.92032031511498,62.21163545321974,101.61233790692557
99,27.5,0.20330106899214062,1.8,0.18751256281407033,0.23281086279830468,1.0,0.032,0.0,0.007,1.225,-0.4759283201222344,7.480113705433728,0.20330106899214082,0.02234920883939885,9.627715291671279e-17,9.096566704130776,True,-0.008156404607692078,-0.467327560021814,0.006758619123596549,0.3872403511184896,47.48011370543373,32.51988629456627,32.51988629456627,9.0,9.0,1.9411719359988282,71.17630431995703,88.14403011759384,10.0,98.14403011759384,60.80206807128311,100.32341231761713
100,27.77777777777778,0.19925537771919702,1.8,0.18751256281407033,0.23281086279830468,1.0,0.032,0.0,0.007,1.225,-0.5311905033064538,7.415590560661269,0.1992553777191969,0.022241913833610658,5.551115123125783e-17,8.958553621320753,True,-0.008155564195622914,-0.4672794079571991,0.006760722166623871,0.3873608466080895,47.41559056066127,32.58440943933873,32.58440943933873,9.0,9.0,1.971077112043527,73.00285600161212,90.40601362428745,10.0,100.40601362428745,59.432296777854965,99.0538279630916
101,28.055555555555554,0.1953292596012127,1.8,0.18751256281407033,0.23281086279830468,1.0,0.032,0.0,0.007,1.225,-0.5848204936905331,7.3529492028741785,0.19532925960121258,0.022137152341085244,3.903127820947816e-17,8.823594678828362,True,-0.008154748293774066,-0.4672326602247632,0.006762763095353677,0.3874777832105944,47.35294920287418,32.64705079712582,32.64705079712582,9.0,9.0,2.001225197069535,74.86064626074928,92.7066826758505,10.0,102.7066826758505,58.10099055417268,97.80333409952401
102,28.333333333333332,0.19151804855747503,1.8,0.18751256281407033,0.23281086279830468,1.0,0.032,0.0,0.007,1.225,-0.6368819309231506,7.292117397626365,0.19151804855747526,0.02203485576957688,3.903127820947816e-17,8.691595287040666,True,-0.008153955961293997,-0.46718726291768403,0.006764744331639609,0.38759129968799644,47.29211739762636,32.70788260237364,32.70788260237364,9.0,9.0,2.031617835028333,76.75000710107035,95.04644842237815,10.0,105.04644842237815,56.80687057601433,96.57167997922437
103,28.61111111111111,0.18781730391101617,1.8,0.18751256281407033,0.23281086279830468,1.0,0.032,0.0,0.007,1.225,-0.6874353834117176,7.233026332409885,0.18781730391101625,0.021934957135351072,2.949029909160572e-17,8.562465053023693,True,-0.008153186301901807,-0.467143164682849,0.006766668180456958,0.38770152810565184,47.233026332409885,32.766973667590115,32.766973667590115,9.0,9.0,2.062256592073842,78.67126999392805,97.42572135470967,10.0,107.42572135470967,55.54870774659579,95.35861496498943
104,28.88888888888889,0.18422279744748246,1.8,0.18751256281407033,0.23281086279830468,1.0,0.032,0.0,0.007,1.225,-0.7365385244575579,7.175610424575007,0.18422279744748243,0.02183739108160278,3.8163916471489756e-17,8.4361175178423,True,-0.008152438461385407,-0.46710031657751033,0.006768536836605627,0.38780859421633174,47.175610424575005,32.824389575424995,32.824389575424995,9.0,9.0,2.0931429609240877,80.62476590226116,99.84491133406955,10.0,109.84491133406955,54.32532037694096,94.16388865336434
105,29.166666666666664,0.18073050133260507,1.8,0.18751256281407033,0.23281086279830468,1.0,0.032,0.0,0.007,1.225,-0.7842462967194269,7.119807141672152,0.180730501332605,0.021742093887519704,3.599551212651875e-17,8.312469915160612,True,-0.00815171162526147,-0.4670586719352111,0.006770352390968903,0.387912617818824,47.119807141672155,32.880192858327845,32.880192858327845,9.0,9.0,2.124278364941163,82.61082530326745,102.30442762014545,10.0,112.30442762014545,53.13557200241285,92.98725100422249
106,29.444444444444443,0.1773365768237781,1.8,0.18751256281407033,0.23281086279830468,1.0,0.032,0.0,0.007,1.225,-0.8306110658808293,7.065556833309105,0.17733657682377812,0.02164900346935783,1.7780915628762273e-17,8.191442949084548,True,-0.008151005016585387,-0.4670181862403043,0.006772116836361394,0.3880137130929951,47.0655568333091,32.9344431666909,32.9344431666909,9.0,9.0,2.155664161950052,84.62977820989092,104.80467889769773,10.0,114.80467889769773,51.97836932515187,91.82845247443497
107,29.72222222222222,0.1740373637166539,1.8,0.18751256281407033,0.23281086279830468,1.0,0.032,0.0,0.007,1.225,-0.8756827643234839,7.012802573690228,0.17403736371665385,0.02155805937472214,9.540979117872439e-18,8.072960589426756,True,-0.008150317893900343,-0.4669788170104436,0.006773832072996603,0.38811198891305876,47.01280257369023,32.98719742630977,32.98719742630977,9.0,9.0,2.187301647815161,86.68195419119341,107.34607330178751,10.0,117.34607330178751,50.852660273116285,90.68724415372404
108,30.0,0.1708293704725626,1.8,0.18751256281407033,0.23281086279830468,1.0,0.032,0.0,0.007,1.225,-0.9195090255428052,6.961490014071495,0.17082937047256264,0.02146920277109318,6.938893903907228e-18,7.95694988276755,True,-0.008149649549315538,-0.46694052368647376,0.006775499913602244,0.3882075491406625,46.961490014071494,33.038509985928506,33.038509985928506,9.0,9.0,2.219192059791921,88.76768239167683,109.92901844170505,10.0,119.92901844170505,49.75743216726657,89.56337790107983
109,30.27777777777778,0.16770926497701966,1.8,0.18751256281407033,0.23281086279830468,1.0,0.032,0.0,0.007,1.225,-0.9621353099809289,6.911567244426208,0.1677092649770196,0.021382376429507112,1.5612511283791264e-17,7.8433407778559765,True,-0.008148999306704393,-0.4669032675291956,0.006777122088208872,0.38830049289925556,46.91156724442621,33.08843275557379,33.08843275557379,9.0,9.0,2.2513365796694247,90.88729154961753,112.55392142367496,10.0,122.55392142367496,48.6917099891936,88.45660648036836
110,30.555555555555554,0.16467386588363392,1.8,0.18751256281407033,0.23281086279830468,1.0,0.032,0.0,0.007,1.225,-1.003605022897752,6.862984663672084,0.1646738658836339,0.021297524704180327,1.1709383462843448e-17,7.732065964046579,True,-0.008148366520014268,-0.4668670115225194,0.006778700248635575,0.3883909148311003,46.86298466367209,33.13701533632791,33.13701533632791,9.0,9.0,2.283736336718819,93.04111001447039,115.22118887240916,10.0,125.22118887240916,47.65455474217136,87.36668369398082
111,30.833333333333332,0.16172013450141798,1.8,0.18751256281407033,0.23281086279830468,1.0,0.032,0.0,0.007,1.225,-1.0439596248505885,6.815694857861173,0.16172013450141798,0.021214593508767504,5.204170427930421e-18,7.623060721601042,True,-0.008147750571679881,-0.46683172028256087,0.006780235972694366,0.38847890533816565,46.815694857861175,33.184305142138825,33.184305142138825,9.0,9.0,2.3163924104609994,95.22946576339665,117.9312269515748,10.0,127.9312269515748,46.64506189922494,86.29336451356613
112,31.11111111111111,0.1588451671868599,1.8,0.18751256281407033,0.23281086279830468,1.0,0.032,0.0,0.007,1.225,-1.0832387353073383,6.7696524857806875,0.15884516718685981,0.021133530289852945,1.3877787807814457e-17,7.516262782802916,True,-0.008147150871133267,-0.46679735997226823,0.00678173076813323,0.38856455080804797,46.76965248578069,33.23034751421931,33.23034751421931,9.0,9.0,2.349305833266128,97.4526864169653,120.68444138323878,10.0,130.68444138323878,45.662359932353496,85.23640520705986
113,31.38888888888889,0.1560461882051821,1.8,0.18751256281407033,0.23281086279830468,1.0,0.032,0.0,0.007,1.225,-1.121480229876558,6.724814171455341,0.15604618820518207,0.021054283998196446,2.168404344971009e-18,7.411612202939284,True,-0.008146566853403614,-0.4667638982211983,0.006783186076336313,0.3886479338259754,46.72481417145534,33.27518582854466,33.27518582854466,9.0,9.0,2.3824775927965063,99.71109925407602,123.481237466348,10.0,133.481237466348,44.7056089175412,84.19556346136925
114,31.666666666666664,0.15332054302800638,1.8,0.18751256281407033,0.23281086279830468,1.0,0.032,0.0,0.007,1.225,-1.1587203315998973,6.681138403080722,0.15332054302800635,0.020976805058186592,9.540979117872439e-18,7.309051240296965,True,-0.008145997977800891,-0.46673130405009433,0.006784603275798102,0.3887291333738641,46.68113840308072,33.31886159691928,33.31886159691928,9.0,9.0,2.4159086343034804,102.00503122614695,126.32202009429963,10.0,136.32202009429963,43.773999210634706,83.17059850020593
115,31.944444444444443,0.15066569203720004,1.8,0.18751256281407033,0.23281086279830468,1.0,0.032,0.0,0.007,1.225,-1.19499369671763,6.638585437952915,0.1506656920372,0.02090104533589406,1.5178830414797062e-18,7.208524244404983,True,-0.00814544372667754,-0.4666995477999359,0.006785983685387315,0.3888082250173254,46.63858543795291,33.36141456204709,33.36141456204709,9.0,9.0,2.449599862788219,104.33480897060933,129.2071937716524,10.0,139.2071937716524,42.866750189566496,82.16127119666912
116,32.22222222222222,0.14807920460701324,1.8,0.18751256281407033,0.23281086279830468,1.0,0.032,0.0,0.007,1.225,-1.2303334952863816,6.597117212992315,0.14807920460701324,0.020826958106065135,-1.734723475976807e-18,7.109977551829341,True,-0.00814490360426307,-0.4666686010651664,0.006787328567414851,0.3888852810814462,46.597117212992316,33.402882787007684,33.402882787007684,9.0,9.0,2.4835521450354983,106.70075882374732,132.13716263002763,10.0,142.13716263002763,41.98310905876595,81.16734418028082
117,32.5,0.14555875353875158,1.8,0.18751256281407033,0.23281086279830468,1.0,0.032,0.0,0.007,1.225,-1.2647714869991382,6.556697260489515,0.14555875353875158,0.020754498018349048,1.1058862159352145e-17,7.013359388893103,True,-0.00814437713556663,-0.46663843663081467,0.00678863913051919,0.38896037081611046,46.556697260489514,33.443302739510486,33.443302739510486,9.0,9.0,2.517766311528905,109.10320683291921,135.11233044324362,10.0,145.11233044324362,41.12234971192856,80.18858193826068
118,32.77777777777778,0.14310210982418634,1.8,0.18751256281407033,0.23281086279830468,1.0,0.032,0.0,0.007,1.225,-1.2983380925310475,6.51729062872873,0.14310210982418636,0.02068362106301274,5.204170427930421e-18,6.918619780754307,True,-0.008143863865343152,-0.4666090284132596,0.006789916532381499,0.38903356055156285,46.51729062872873,33.48270937127127,33.48270937127127,9.0,9.0,2.552243158255306,111.54247876819487,138.1331006417274,10.0,148.1331006417274,40.28377164960972,79.22475091089912
119,33.05555555555556,0.14070713771569593,1.8,0.18751256281407033,0.23281086279830468,1.0,0.032,0.0,0.007,1.225,-1.3310624607102124,6.478863807169544,0.14070713771569593,0.0206142845363608,-8.673617379884035e-19,6.825710466327737,True,-0.008143363357118827,-0.4665803514043942,0.00679116188228187,0.3891049138448712,46.478863807169546,33.521136192830454,33.521136192830454,9.0,9.0,2.5869834484057868,114.01890013344024,141.1998763262418,10.0,151.1998763262418,39.46669894837952,78.27561958095272
120,33.333333333333336,0.1383717900827757,1.8,0.18751256281407033,0.23281086279830468,1.0,0.032,0.0,0.007,1.225,-1.3629725317903378,6.441384655890949,0.13837179008277567,0.020546447006047575,1.951563910473908e-18,6.734584818584341,True,-0.008142875192272124,-0.46655238161897145,0.006792376243507205,0.38917449161788714,46.44138465589095,33.55861534410905,33.55861534410905,9.0,9.0,2.6219879139798024,116.53279617688013,144.3130602809661,10.0,154.3130602809661,38.67047927851931,77.34095855703863
