V_kmh,V_ms,CL_required,alpha_trim_deg,delta_e_trim_deg,CL_trim,CD_trim,CM_trim,L_D_trim,trim_valid,drag_N,shaft_power_W,electrical_power_W,aux_power_W,total_power_W,endurance_min,range_km
30,8.333333333333334,2.214096979591836,,,,,,,False,,,,10.0,,,
31,8.61111111111111,2.0735559642379324,,,,,,,False,,,,10.0,,,
32,8.88888888888889,1.9459836734693874,,,,,,,False,,,,10.0,,,
33,9.166666666666666,1.8298322145387083,,,,,,,False,,,,10.0,,,
34,9.444444444444445,1.723777925287762,,,,,,,False,,,,10.0,,,
35,9.722222222222221,1.626683495210329,,,,,,,False,,,,10.0,,,
36,10.0,1.5375673469387754,,,,,,,False,,,,10.0,,,
37,10.277777777777777,1.4555787301918577,,,,,,,False,,,,10.0,,,
38,10.555555555555555,1.3799773418508678,,,,,,,False,,,,10.0,,,
39,10.833333333333334,1.310116555971501,,,,,,,False,,,,10.0,,,
40,11.11111111111111,1.245429551020408,,,,,,,False,,,,10.0,,,
41,11.38888888888889,1.185417776105088,,,,,,,False,,,,10.0,,,
42,11.666666666666666,1.1296413161182843,,,,,,,False,,,,10.0,,,
43,11.944444444444445,1.0777108067239876,,,,,,,False,,,,10.0,,,
44,12.222222222222221,1.0292806206780232,6.865308877684683,12.554908720045834,1.0292806206780232,0.11564640227917412,0.0,8.900239007810262,True,1.9839916641007622,24.248787005675982,40.03927678955787,10.0,50.03927678955787,119.25352209017662,87.45258286612952
45,12.5,0.9840431020408164,6.160208609077296,11.690921243946988,0.9840431020408164,0.10846018446544922,0.0,9.072851082549011,True,1.9462459858912398,24.328074823640495,40.17019578722889,10.0,50.17019578722889,118.94233032909604,89.20674774682203
46,12.777777777777777,0.9417236680683616,5.499456607660151,10.7173649032878,0.9417236680683616,0.10168562973990813,0.0,9.261128347015264,True,1.9066791149364575,24.363122024188065,40.22806526181724,10.0,50.22806526181724,118.80529279586476,91.08405781016297
47,13.055555555555555,0.9020766326992546,4.878875878065279,9.591100531001926,0.9020766326992546,0.09534034597249745,0.0,9.461646310361346,True,1.866271409940881,24.36521007422817,40.23151302246138,10.0,50.23151302246138,118.79713830900641,93.05775834205502
48,13.333333333333332,0.8648816326530614,4.294949282378381,8.295624870163863,0.8648816326530614,0.08935655836572226,0.0,9.678994451792086,True,1.824363066633496,24.324840888446612,40.1648559561554,10.0,50.1648559561554,118.95499122364738,95.1639929789179
49,13.61111111111111,0.8299405587807801,3.767857659875443,8.896505971690216,0.8299405587807801,0.08529740717187935,0.0,9.729962331778744,True,1.8148066146492394,24.701534477170203,40.78684743392397,10.0,50.78684743392397,117.4981378350726,95.95681256530929
50,13.88888888888889,0.7970749126530611,3.271299028175406,9.41961401336505,0.7970749126530611,0.08147119850895068,0.0,9.783517700006486,True,1.804872290463408,25.06767070088067,41.39140673004032,10.0,51.39140673004032,116.11591080482803,96.76325900402337
51,14.166666666666666,0.7661235223501165,2.803390668757728,9.895891495495663,0.7661235223501165,0.07792898298568403,0.0,9.83104735873247,True,1.7961463672855982,25.445406869879307,42.01511970258709,10.0,52.01511970258709,114.72356565014692,97.51503080262488
52,14.444444444444445,0.7369405627339692,2.3635596058870023,10.339067965052564,0.7369405627339692,0.07493325821416247,0.0,9.834625909736388,True,1.7954927988179383,25.934895982925777,42.82335766014577,10.0,52.82335766014577,112.96820695103716,97.90577935756554
53,14.722222222222221,0.7093938346858858,1.9477573824782926,10.591485228267876,0.7093938346858858,0.07215875193845746,0.0,9.831015859183811,True,1.7961521223164827,26.443350689659326,43.662911355474634,10.0,53.662911355474634,111.20082472736017,98.22739517583481
54,15.0,0.6833632653061225,1.5547029893077617,10.832680334544387,0.6833632653061225,0.06955019534334117,0.0,9.82546866953622,True,1.7971661804539134,26.9574927068087,44.51185586263563,10.0,54.51185586263563,109.46903027915883,98.52212725124294
55,15.277777777777777,0.6587395972339349,1.1827672203652408,11.063267138639628,0.6587395972339349,0.06709466373593305,0.0,9.818062429324645,True,1.798521869983123,27.477417458075486,45.370348743984295,10.0,55.370348743984295,107.77176115670255,98.79078106031066
56,15.555555555555555,0.6354232403165349,0.8300644204842799,11.089101392244952,0.6354232403165349,0.06469335111450474,0.0,9.822079539392854,True,1.7977862965963642,27.96556461372122,46.17637087920945,10.0,56.17637087920945,106.22544508670791,99.14374874759406
57,15.833333333333332,0.6133232630448302,0.4943268954664261,10.798551847126038,0.6133232630448302,0.06243985665635282,0.0,9.822624456368429,True,1.797686563141642,28.463370583076,46.998341520042935,10.0,56.998341520042935,104.69357249458977,99.45889386986029
58,16.11111111111111,0.592356504647043,0.174513965569819,10.26262192918523,0.592356504647043,0.060364953337783675,0.0,9.812920774284354,True,1.7994642376278414,28.991368272893,47.870164330886276,10.0,57.870164330886276,103.11634793155618,99.67913633383765
59,16.38888888888889,0.5724467916209863,-0.12915496196816564,9.73486395800224,0.5724467916209863,0.05840282476915215,0.0,9.801696987837266,True,1.8015247790164772,29.524989433881156,48.75127254304422,10.0,58.75127254304422,101.56988507147662,99.87705365361869
60,16.666666666666668,0.553524244897959,-0.41774776644173456,9.215318501081274,0.553524244897959,0.05654576394293704,0.0,9.788960415435294,True,1.8038687716171329,30.064479526952216,49.642071458331834,10.0,59.642071458331834,100.05286292192282,100.05286292192282
61,16.944444444444443,0.5355246658512909,-0.6922455060843615,8.704010373154182,0.5355246658512909,0.0547866957489462,0.0,9.774721007181594,True,1.806496572846067,30.610080817669463,50.542961102447,10.0,60.542961102447,98.56405916292083,100.20679348230284
62,17.22222222222222,0.5183889910594831,-0.9535507512086441,8.200949804988891,0.5183889910594831,0.05311911647043585,0.0,9.758991216429576,True,1.80940833006102,31.162032351050897,51.454336183365776,10.0,61.454336183365776,97.1023424969518,100.3390872468502
63,17.5,0.5020628071636818,-1.2024853810817646,7.706260780557703,0.5020628071636818,0.051543393403951136,0.0,9.740585048969542,True,1.812827454534473,31.724480454353277,52.38304306188364,10.0,62.38304306188364,95.65676355480788,100.43960173254827
64,17.77777777777778,0.48649591836734685,-1.4397066406083914,7.221408357988409,0.48649591836734685,0.05012654367382242,0.0,9.705355340935059,True,1.8194078814942956,32.34502900434303,53.407684630494174,10.0,63.407684630494174,94.11099040714954,100.38505643429285
65,18.055555555555554,0.47164196014974047,-1.6661033320446588,6.74397903517548,0.47164196014974047,0.04874435459226363,0.0,9.675827366982848,True,1.8249602158317737,32.950670563629245,54.407711972968826,10.0,64.40771197296883,92.6497746497257,100.3705892038695
66,18.333333333333332,0.45745805363467706,-1.882322013518233,6.274252110842708,0.45745805363467706,0.047396132925274885,0.0,9.65180122091203,True,1.8295030736585598,33.54088968374026,55.38227398760002,10.0,65.38227398760003,91.26877418077767,100.39565159885544
67,18.61111111111111,0.44390449579698216,-2.0860109678851972,6.067032112705781,0.44390449579698216,0.04651878937633803,0.0,9.542477389206866,True,1.8504628598829373,34.43916989226578,56.865502402090044,10.0,66.86550240209004,89.24422588072078,99.65605223347153
68,18.88888888888889,0.4309444813219405,-2.2807133158826733,5.8702773043781775,0.4309444813219405,0.045680410854911466,0.0,9.433901168067235,True,1.8717601218645874,35.35546896855332,58.378483333008575,10.0,68.37848333300857,87.26955774872177,98.90549878188467
69,19.166666666666668,0.41854385247482734,-2.4669515372590087,5.683274491192284,0.41854385247482734,0.04487871156756582,0.0,9.326111152828016,True,1.8933936890346252,36.29004570649698,59.92164409741504,10.0,69.92164409741504,85.34353099143746,98.14506064015309
70,19.444444444444443,0.40667087380258227,-2.6452105511892436,5.505371689276874,0.40667087380258227,0.044111571977656444,0.0,9.219142632426944,True,1.9153624912896616,37.24315955285453,61.49541309036868,10.0,71.49541309036869,83.46493491068279,97.37575739579658
71,19.72222222222222,0.39529602888963566,-2.8159409247585114,5.3359718005944625,0.39529602888963566,0.04337702439019328,0.0,9.113027794018176,True,1.9376655486106138,38.21507054204266,63.100219677263425,10.0,73.10021967726342,81.63258641828743,96.59856059497345
72,20.0,0.38439183673469385,-2.9795617644436323,5.174527050199183,0.38439183673469385,0.042673239987647604,0.0,9.007795912519455,True,1.9603019619325621,39.20603923865124,64.73649409890814,10.0,74.73649409890814,79.8453295401126,95.81439544813513
73,20.27777777777778,0.37393268561318316,-3.136463326128991,5.020534081091967,0.37393268561318316,0.04199851715031468,0.0,8.90347352681192,True,1.9832709050939166,40.216326686626644,66.40466738761882,10.0,76.40466738761882,78.10203491530409,95.02414248028664
74,20.555555555555554,0.3638946825479644,-3.2866991344671055,4.928922449691564,0.3638946825479644,0.04139661739210749,0.0,8.790444859326673,True,2.0087720567708063,41.2914256113999,68.17985653069128,10.0,78.17985653069128,76.32861282698028,94.13862248660901
75,20.833333333333332,0.35425551673469396,-3.4309153263305467,4.848261694346887,0.35425551673469396,0.04082985867011953,0.0,8.6763836141796,True,2.0351797229368658,42.3995775611847,70.00962239204904,10.0,80.00962239204904,74.58302916066515,93.22878645083144
76,21.11111111111111,0.34499433546271696,-3.5694766872489407,4.769383389976867,0.34499433546271696,0.04028955876427445,0.0,8.562872020545191,True,2.0621585792281563,43.53445889481663,71.88352345893355,10.0,81.88352345893355,72.8761996055625,92.30985283371251
77,21.38888888888889,0.3360916312418036,-3.702675044017256,4.6922491783312745,0.3360916312418036,0.039774187657000554,0.0,8.449993602387224,True,2.0897057241571644,44.696483544472684,73.80224321068762,10.0,83.80224321068762,71.2076404088305,91.38313852466581
78,21.666666666666668,0.3275291389928752,-3.830783637888679,4.616820971000822,0.3275291389928752,0.039282319441260385,0.0,8.337825862921253,True,2.1178182766476388,45.88606266069884,75.76646053366166,10.0,85.76646053366166,69.57684813934847,90.44990258115301
79,21.944444444444443,0.3192897422901223,-3.954058527100036,4.543061010956876,0.3192897422901223,0.038812624212698044,0.0,8.226440462782792,True,2.146493380689557,47.103604742909724,77.77684993669304,10.0,87.77684993669304,67.98330088518576,89.51134616549459
80,22.22222222222222,0.311357387755102,-4.072739867452155,4.470931926816495,0.311357387755102,0.03836386067264238,0.0,8.115903412638913,True,2.175728209443839,48.349515765418644,79.83408175920519,10.0,89.83408175920519,66.42645957015677,88.56861276020904
81,22.5,0.3037170068027211,-4.184941505673544,4.612741618342242,0.3037170068027211,0.03803549172770795,0.0,7.985094789282573,True,2.2113701171963793,49.75582763691853,82.15616534475713,10.0,92.15616534475713,64.7526942736392,87.41613726941291
82,22.77777777777778,0.296354444026272,-4.292707751824832,4.787370271489054,0.296354444026272,0.03772896772476939,0.0,7.854825135640081,True,2.248044952634209,51.20546836555698,84.54979296686396,10.0,94.54979296686396,63.11341159775284,86.25499585026222
83,23.055555555555554,0.28925639158552086,-4.396411401717747,4.977549644990438,0.28925639158552086,0.03743424799632792,0.0,7.72705228682289,True,2.2852181329370023,52.68697362049199,86.99603487387739,10.0,96.99603487387739,61.52169011608853,85.10500466058913
84,23.333333333333332,0.2824103290295711,-4.495939638773025,5.254097361421006,0.2824103290295711,0.037284087912365114,0.0,7.574553779976226,True,2.331226434312204,54.395283467284756,89.81677352699238,10.0,99.81677352699238,59.783138536193135,83.6963939506704
85,23.61111111111111,0.275804468046042,-4.591984116166826,5.524454791677077,0.275804468046042,0.037154073445417275,0.0,7.423263251369299,True,2.3787382182280545,56.16465237482907,92.738332094661,10.0,102.738332094661,58.08309204885473,82.2843804025442
86,23.88888888888889,0.2694277016809969,-4.684750769448159,5.7792728512506795,0.2694277016809969,0.03702689100210175,0.0,7.276541302528031,True,2.426702366667694,57.97122320372825,95.72131798345222,10.0,105.72131798345222,56.44424524611042,80.9034181860916
87,24.166666666666664,0.2632695576209081,-4.774384751461674,6.019805868276965,0.2632695576209081,0.036902559140712665,0.0,7.134181578492656,True,2.4751262363763478,59.8155507124284,98.76664720318415,10.0,108.76664720318415,54.86387742423034,79.55262226513399
88,24.444444444444443,0.2573201551695058,-4.861023525606441,6.247177969578841,0.2573201551695058,0.03678107922541567,0.0,6.9959925208420195,True,2.5240164204570545,61.698179166727996,101.87521843835377,10.0,111.87521843835377,53.33942657987457,78.23115898381603
89,24.72222222222222,0.25157016558927575,-4.9447973150512325,6.462399504550455,0.25157016558927575,0.036662438672820395,0.0,6.861795742348603,True,2.5733788446981896,63.61964366059413,105.0479152290512,10.0,115.0479152290512,51.86847574003809,76.93823901438984
90,25.0,0.2460107755102041,-5.025829527130106,6.666381045866103,0.2460107755102041,0.03654661363376043,0.0,6.731424639653844,True,2.6232188496888593,65.58047124222148,108.28560783029347,10.0,118.28560783029347,50.44874105530642,75.67311158295962
91,25.27777777777778,0.24063365313762264,-5.104237153408296,6.8599453740215415,0.24063365313762264,0.03643357121275886,0.0,6.604723202466464,True,2.6735412611092935,67.58118187804048,111.58915480378202,10.0,121.58915480378202,49.07806135859731,74.43505972720592
92,25.555555555555554,0.2354309170170904,-5.180131146176672,7.043837776421377,0.2354309170170904,0.03632327130770297,0.0,6.481544985932015,True,2.724350450135905,69.6222892812509,114.95940438596641,10.0,124.95940438596641,47.75438894993778,73.2233963899046
93,25.833333333333332,0.2303951071375481,-5.253616772307337,7.218734931152665,0.2303951071375481,0.03621566813648822,0.0,6.361752219211968,True,2.7756503855454,71.7043016265895,118.39719566825924,10.0,128.39719566825926,46.47578141362146,72.03746119111325
94,26.11111111111111,0.22551915817481366,-5.325013988264478,7.363317921939198,0.22551915817481366,0.0361093001287077,0.0,6.245459130223376,True,2.8273341690042315,73.82483663511049,121.89859506313394,10.0,131.89859506313394,45.242028523076335,70.87917801948626
95,26.38888888888889,0.22079637469613883,-5.394254159147022,7.494503138802854,0.22079637469613883,0.036005247801671095,0.0,6.132338705523119,True,2.879488698837891,75.98650733044434,125.46791716069241,10.0,135.46791716069242,44.04998707495814,69.74581286868373
96,26.666666666666664,0.21622040816326535,-5.461383901917487,7.617146901327019,0.21622040816326535,0.03590374387219762,0.0,6.022224560561705,True,2.9321390828961387,78.19037554389702,129.10691524276083,10.0,139.10691524276083,42.89765170614366,68.63624272982985
97,26.944444444444443,0.21178523558642295,-5.5264856578117305,7.732038805665856,0.21178523558642295,0.03580475132510714,0.0,5.915003672652633,True,2.9852897778643515,80.43697457023391,132.81646987861123,10.0,142.81646987861123,41.783416191928275,67.54985617695071
98,27.22222222222222,0.20748513969519503,-5.5896381913251,7.8398744463956085,0.20748513969519503,0.035708226732981775,0.0,5.81056968319158,True,3.038944709858632,82.72682821281832,136.59744596543788,10.0,146.59744596543788,40.70575691616673,66.48606962973899
99,27.5,0.20331469050430087,-5.650916737464135,7.94126898900377,0.20331469050430087,0.03561412185817995,0.0,5.708822228270188,True,3.0931073510324554,85.06045215339252,140.4506949901218,10.0,150.4506949901218,39.6632265500123,65.44432380752029
100,27.77777777777778,0.19926872816326527,-5.711546438903034,7.888365388254928,0.19926872816326527,0.03550042058398696,0.0,5.6131371089487505,True,3.1458344339832203,87.38428983286724,144.28778506974984,10.0,154.28778506974984,38.676814222864756,64.46135703810792
101,28.055555555555554,0.19534234698879066,-5.771143424665267,7.738729918746867,0.19534234698879066,0.03537554787557921,0.0,5.52195962238768,True,3.1977778193830275,89.71543326602382,148.13693831335203,10.0,158.13693831335203,37.73539606651254,63.521250045296114
102,28.333333333333332,0.19153088058752912,-5.829002980341031,7.591741233631101,0.19153088058752912,0.035254096647036104,0.0,5.432868767143168,True,3.25021655350702,92.08946901603224,152.05691478395417,10.0,162.05691478395417,36.822618818551334,62.59845199153727
103,28.61111111111111,0.18782988798498004,-5.885192039796917,7.447350564101963,0.18782988798498004,0.03513594187602675,0.0,5.345804835621508,True,3.3031508898972115,94.50681712761467,156.0484080538529,10.0,166.0484080538529,35.937471909183635,61.69266011076524
104,28.88888888888889,0.1842351406834923,-5.939774341416755,7.305509709346993,0.1842351406834923,0.03502096428425665,0.0,5.260710104613354,True,3.3565810791427007,96.96789784190024,160.11211201964952,10.0,170.11211201964952,35.078983672313214,60.80357169867624
105,29.166666666666664,0.1807426105789255,-5.992810609600721,7.166171061366838,0.1807426105789255,0.03490905001849883,0.0,5.1775287635483425,True,3.4105073687506384,99.47313158856028,164.24872088926364,10.0,174.24872088926364,34.24621982615472,59.93088469577076
106,29.444444444444443,0.17734845867147145,-6.044358724341467,7.029287626687568,0.17734845867147145,0.03480009035238987,0.0,5.096206845316198,True,3.4649300030333436,102.022938978204,168.4589291693771,10.0,178.4589291693771,33.438282005695115,59.074298210061365
107,29.72222222222222,0.17404902451154278,-6.0944738797645,6.894813045192621,0.17404902451154278,0.0346939814074455,0.0,5.016692159585668,True,3.5198492230104046,104.61774079503147,172.74343165330274,10.0,182.74343165330274,32.654306346403516,58.233512984419605
108,30.0,0.17084081632653061,-6.1432087324464835,6.762701606287926,0.17084081632653061,0.034590623891878516,0.0,4.938934228550936,True,3.575265266324631,107.25795798973894,177.10292340926966,10.0,187.10292340926966,31.893462118424384,57.40823181316389
109,30.27777777777778,0.16772050177869313,-6.19061354025816,6.632908262601048,0.16772050177869313,0.034489922855919654,0.0,4.862884225034054,True,3.631178367170843,109.94401167267274,181.5380997691191,10.0,191.5380997691191,31.154950410352217,56.59815991213986
110,30.555555555555554,0.16468489930848373,-6.236736292417845,6.505388641402714,0.16468489930848373,0.034391787462447726,0.0,4.788494912871354,True,3.687588756236483,112.67632310722587,186.04965631740083,10.0,196.04965631740083,30.438002861575814,55.80300524622233
111,30.833333333333332,0.16173097002131753,-6.281622831386029,6.380099053927492,0.16173097002131753,0.03429613077183266,0.0,4.715720589511713,True,3.7444966606531684,115.45531370347268,190.63828888086306,10.0,200.63828888086306,29.741880442089283,55.02247881786517
112,31.11111111111111,0.1588558100791337,-6.325316967181163,6.256996502759272,0.1588558100791337,0.03420286953998294,0.0,4.644517030754752,True,3.8019023039582884,118.28140501203563,195.3046935183251,10.0,205.3046935183251,29.06587227859633,54.256294920046486
113,31.38888888888889,0.15605664356117574,-6.367860584650718,6.136038687436636,0.15605664356117574,0.034111924028669256,0.0,4.574841437557684,True,3.859805906065866,121.15501871817858,200.0495665109244,10.0,210.0495665109244,28.40929452567876,53.504171356695
114,31.666666666666664,0.15333081576120755,-6.409293744189626,6.01718400842321,0.15333081576120755,0.034023217827269615,0.0,4.506652384840357,True,3.9182076832459125,124.07657663612055,204.87360435272743,10.0,214.87360435272743,27.771489280759845,52.7658296334437
115,31.944444444444443,0.15067578689093786,-6.449654776359824,5.900391569578717,0.15067578689093786,0.03393667768514771,0.0,4.43990977221912,True,3.977107848111589,127.04650070356465,209.77750374169602,10.0,219.77750374169602,27.151823541564223,52.04099512133143
116,32.22222222222222,0.14808912616176076,-6.488980370829621,5.785621179257393,0.14808912616176076,0.033852233353937757,0.0,4.374574776601401,True,4.036506609613487,130.06521297643457,214.7619615709962,10.0,224.7619615709962,26.549688204759125,51.32939719586764
117,32.5,0.14556850621905568,-6.527305660019484,5.672833350152099,0.14556850621905568,0.03376981743906463,0.0,4.310609806574296,True,4.096404173040443,133.1331356238144,219.827674920643,10.0,229.827674920643,25.96449710445213,50.63076935368165
118,32.77777777777778,0.14311169790524658,-6.564664297811492,5.56198929799449,0.14311169790524658,0.033689365259879304,0.0,4.247978458521996,True,4.156800740026297,136.25069092308416,224.9753410494682,10.0,234.9753410494682,25.39568608922126,49.944849308801814
119,33.05555555555556,0.14071656532961324,-6.601088533652839,5.453050939213974,0.14071656532961324,0.0336108147178364,0.0,4.186645474408526,True,4.217696508562063,139.41830125524598,230.20565738740308,10.0,240.20565738740308,24.84271213635846,49.27137907044428
120,33.333333333333336,0.13838106122448976,-6.636609282358982,5.345980887651373,0.13838106122448976,0.03353410617218359,0.0,4.126576701163913,True,4.279091673013012,142.63638910043375,235.51932152806398,10.0,245.51932152806398,24.305052502020313,48.610105004040626
