beta,Mach,alpha,Re_1e6,CLo,CLi,CLtot,CDo,CDi,CDtot,CSo,CSi,CStot,L/D,E,CMox,CMoy,CMoz,CMix,CMiy,CMiz,CMxtot,CMytot,CMztot,CFox,CFoy,CFoz,CFix,CFiy,CFiz,CFxtot,CFytot,CFztot,CLwtot,CDwtot,CSwtot,CLiw,CDiw,CSiw,CFwxtot,CFwytot,CFwztot,CFiwx,CFiwy,CFiwz,LoDw,Ew,StallFactor,analysis_tag,delta_e_deg,aileron_e_deg,alpha_commanded,beta_commanded,xcg,mach_commanded,l2_residual
0.0,0.05,-8.0,0.2,0.001577083972,-0.106587396239,-0.105010312267,0.017882479603,0.025620051326,0.043502530929,5.60028e-07,-0.000186945568,-0.00018638554,-2.413889721475,0.029053860004,-1.03395e-07,0.00140929052,2.17995e-07,0.000101500252,-0.263237197477,-8.0446702e-05,0.000101396857,-0.261827906957,-8.0228707e-05,0.017927936207,5.60028e-07,-0.00092702424,0.01053662029,-0.000186945568,-0.109115717016,0.028464556497,-0.00018638554,-0.110042741255,-0.08039589479,0.03811746641,-0.000173392572,-0.081972978762,0.020234986807,-0.000173952601,0.026557563865,-0.000173392572,-0.08491841347,0.008629627657,-0.000173952601,-0.08399138923,-2.109161556692,0.036785859641,1.0,alpha_elevator,-40,0,-8,0,0.032,0.05,11.105834007263
0.0,0.05,-6.0,0.2,0.00088733409,0.055915906681,0.056803240771,0.017754294229,0.027462564063,0.045216858292,5.46009e-07,-0.000205849142,-0.000205303133,1.256240325313,0.007930947594,-1.10848e-07,0.001509150582,-9.619e-09,0.000104763981,-0.284642712226,-8.187535e-05,0.000104653133,-0.283133561644,-8.1884969e-05,0.017749786017,5.46009e-07,-0.000973355911,0.033156925061,-0.000205849142,0.052738973875,0.050906711078,-0.000205303133,0.051765617963,0.083876774194,0.03944167387,-0.000167422986,0.082989440104,0.02168737964,-0.000167968995,0.047993118564,-0.000167422986,0.079294510891,0.030243332547,-0.000167968995,0.080267866802,2.126602802695,0.010042898681,1.0,alpha_elevator,-40,0,-6,0,0.032,0.05,11.7095079422
0.0,0.05,-4.0,0.2,0.000227288375,0.217470736815,0.217698025189,0.017945302266,0.031323897084,0.04926919935,7.84406e-07,-0.000126089333,-0.000125304927,4.418541970676,0.102129951482,-1.43707e-07,0.001607956094,-2.5232e-07,0.000111846337,-0.303441612709,-3.9858077e-05,0.000111702629,-0.301833656615,-4.0110398e-05,0.017917443247,7.84406e-07,-0.001025066295,0.046417585388,-0.000126089333,0.214755944425,0.064335028635,-0.000125304927,0.21373087813,0.249445413418,0.041330746365,-0.000171980527,0.249218125043,0.0233854441,-0.000172764933,0.058630499176,-0.000171980527,0.245954689804,0.040713055929,-0.000172764933,0.246979756099,6.035347419386,0.136799116399,1.0,alpha_elevator,-40,0,-4,0,0.032,0.05,11.312030076981
0.0,0.05,-2.0,0.2,-0.000436117146,0.379614611537,0.379178494391,0.018451676407,0.038258368404,0.056710044811,9.35036e-07,-8.9238759e-05,-8.8303723e-05,6.686266880091,0.25367687898,-1.61866e-07,0.001700666855,-5.21411e-07,0.000122712886,-0.32199934836,-1.7299979e-05,0.000122551021,-0.320298681505,-1.782139e-05,0.018425215876,9.35036e-07,-0.001079805695,0.051483421323,-8.9238759e-05,0.37804816277,0.069908637199,-8.8303723e-05,0.376968357076,0.415509572378,0.042418463771,-6.5769123e-05,0.415945689523,0.023966787363,-6.670416e-05,0.05689369854,-6.5769123e-05,0.413776072136,0.038468482664,-6.670416e-05,0.414855877831,9.795488460488,0.404946367842,1.0,alpha_elevator,-40,0,-2,0,0.032,0.05,10.894332170486
0.0,0.05,0.0,0.2,-0.001137544566,0.533340930128,0.532203385562,0.019282002834,0.045622826106,0.064904828941,7.98065e-07,-6.0418042e-05,-5.9619976e-05,8.199750222736,0.419076218936,-1.98434e-07,0.001789033163,-9.81531e-07,0.000133058512,-0.326672909692,8.99502e-06,0.000132860079,-0.324883876529,8.013489e-06,0.019282002834,7.98065e-07,-0.001137544566,0.045622826106,-6.0418042e-05,0.533340930128,0.064904828941,-5.9619976e-05,0.532203385562,0.585625388957,0.031139833153,-0.000167602208,0.586762933522,0.011857830319,-0.000168400273,0.031139833153,-0.000167602208,0.585625388957,0.011857830319,-0.000168400273,0.586762933522,18.806311070176,1.612389530556,1.0,alpha_elevator,-40,0,0,0,0.032,0.05,10.353111028671
0.0,0.05,2.0,0.2,-0.001912486632,0.702236787195,0.700324300563,0.020408834679,0.061097558671,0.081506393349,1.241836e-06,-7.5833131e-05,-7.4591295e-05,8.59226217459,0.541869205179,-2.371e-07,0.001869909869,-1.188957e-06,0.000125351641,-0.356569825732,1.3475412e-05,0.000125114541,-0.354699915863,1.2286455e-05,0.020463146989,1.241836e-06,-0.001199063538,0.03655262925,-7.5833131e-05,0.703941277565,0.057015776239,-7.4591295e-05,0.702742214027,0.7494035816,0.038005104012,-0.000163181896,0.751316068231,0.017596269333,-0.000164423732,0.011828144504,-0.000163181896,0.750273424188,-0.008635002485,-0.000164423732,0.751472487726,19.718498372526,1.881471857993,1.0,alpha_elevator,-40,0,2,0,0.032,0.05,10.392712831497
0.0,0.05,4.0,0.2,-0.002794340187,0.856169438566,0.853375098379,0.021866278165,0.076596645872,0.098462924037,1.449214e-06,0.000139146116,0.00014059533,8.66696887917,0.641785815822,-2.47629e-07,0.001946638099,-1.609121e-06,0.000148535214,-0.361385433057,0.000110555796,0.000148287585,-0.359438794959,0.000108946675,0.022007936328,1.449214e-06,-0.001262218856,0.016686699331,0.000139146116,0.859426964761,0.038694635659,0.00014059533,0.858164745905,0.924241496071,0.01248757184,-7.080836e-05,0.927035836258,-0.009378706324,-7.2257574e-05,-0.052014674911,-7.080836e-05,0.922861179216,-0.074022611239,-7.2257574e-05,0.924123398072,74.012907225101,-5.241516170776,1.0,alpha_elevator,-40,0,4,0,0.032,0.05,9.717200040817
0.0,0.05,6.0,0.2,-0.003813284263,1.014038704337,1.010225420073,0.023593773384,0.097497564627,0.121091338011,1.266237e-06,1.2940232e-05,1.4206469e-05,8.342672867194,0.706582296929,-2.7441e-07,0.002011818682,-2.029881e-06,0.000118234593,-0.375946640734,8.5865324e-05,0.000117960183,-0.373934822052,8.3835443e-05,0.023863120969,1.266237e-06,-0.001326173819,-0.009032444692,1.2940232e-05,1.018674964816,0.014830676277,1.4206469e-05,1.017348790998,1.097235448352,-0.008735212237,-5.1511004e-05,1.101048732615,-0.032328985621,-5.2777241e-05,-0.123379695089,-5.1511004e-05,1.090311599449,-0.147242816058,-5.2777241e-05,1.091637773267,-125.610622684823,-2.130906733901,1.0,alpha_elevator,-40,0,6,0,0.032,0.05,9.20728802681
0.0,0.05,8.0,0.2,-0.005015442314,1.164817919106,1.159802476792,0.025647856641,0.122700751725,0.148348608366,-4.7299e-08,-0.000248715743,-0.000248763042,7.818088012858,0.740015430282,-2.4538e-07,0.002077762964,-1.641057e-06,2.8545776e-05,-0.380028621706,-1.5090818e-05,2.8300396e-05,-0.377950858742,-1.6731876e-05,0.026096268123,-4.7299e-08,-0.001397140632,-0.040604685412,-0.000248715743,1.170558635296,-0.014508417289,-0.000248763042,1.169161494664,1.280170362492,-0.049669282217,-0.000409910766,1.285185804806,-0.075317138858,-0.000409863467,-0.227351183282,-0.000409910766,1.260799204496,-0.253447451405,-0.000409863467,1.262196345129,-25.773884891244,-1.205574865957,1.0,alpha_elevator,-40,0,8,0,0.032,0.05,9.52379989624
0.0,0.05,-8.0,0.2,0.002003112471,-0.229988753882,-0.227985641412,0.016143297622,0.006675170112,0.022818467735,4.8731e-08,-0.000108108244,-0.000108059513,-9.991277418969,0.525620855848,-7.852e-09,0.00031259012,1.13016e-07,4.7827944e-05,-0.131125554815,-4.752422e-05,4.7820092e-05,-0.130812964696,-4.7411204e-05,0.016264971534,4.8731e-08,-0.000263094472,-0.025398040248,-0.000108108244,-0.228679523263,-0.009133068715,-0.000108059513,-0.228942617735,-0.222274477405,0.019442720123,-8.8157024e-05,-0.224277589875,0.003299422501,-8.8205755e-05,-0.011681123377,-8.8157024e-05,-0.222817221121,-0.027946094911,-8.8205755e-05,-0.222554126649,-11.432272644785,1.063400830412,1.0,alpha_elevator,-20,0,-8,0,0.032,0.05,10.123018026352
0.0,0.05,-6.0,0.2,0.001394591155,-0.067313147664,-0.06591855651,0.015826076804,0.004998972443,0.020825049247,6.4556e-08,-0.000134830568,-0.000134766012,-3.165349369815,0.05867519878,-1.1251e-08,0.000340394921,1.9038e-08,5.0501706e-05,-0.151590876459,-5.5681256e-05,5.0490454e-05,-0.151250481538,-5.5662218e-05,0.015885154369,6.4556e-08,-0.00026732405,-0.002064552334,-0.000134830568,-0.067466934106,0.013820602035,-0.000134766012,-0.067734258155,-0.058964722777,0.019316562816,-9.6071864e-05,-0.060359313931,0.003490486013,-9.613642e-05,0.013047252805,-9.6071864e-05,-0.060660838482,-0.002837901564,-9.613642e-05,-0.060393514433,-3.0525473573,0.08403291139,1.0,alpha_elevator,-20,0,-6,0,0.032,0.05,10.825824975967
0.0,0.05,-4.0,0.2,0.000831703546,0.09568504275,0.096516746296,0.015823474586,0.006438343829,0.022261818415,6.1994e-08,-0.000111575297,-0.000111513303,4.335528414457,0.097667734763,-1.2525e-08,0.000361916541,-7.3813e-08,4.7340362e-05,-0.171800705282,-4.3430518e-05,4.7327837e-05,-0.171438788741,-4.3504331e-05,0.015842946104,6.1994e-08,-0.000274112232,0.013097311519,-0.000111575297,0.095002842633,0.028940257623,-0.000111513303,0.094728730401,0.104090910712,0.019867782192,-7.9578078e-05,0.103259207167,0.004044307606,-7.9640071e-05,0.027080400153,-7.9578078e-05,0.102451444059,0.011237454049,-7.9640071e-05,0.102725556291,5.239181188257,0.155482351659,1.0,alpha_elevator,-20,0,-4,0,0.032,0.05,11.282485961914
0.0,0.05,-2.0,0.2,0.00028006417,0.257502088012,0.257782152182,0.016138598084,0.010010591883,0.026149189967,7.8146e-08,-0.000123108819,-0.000123030673,9.858131456667,0.448090637099,-1.7081e-08,0.000376943129,-1.93266e-07,5.4266283e-05,-0.189139663887,-4.2311426e-05,5.4249202e-05,-0.188762720758,-4.2504692e-05,0.016138540984,7.8146e-08,-0.000283335388,0.018991186973,-0.000123108819,0.256995860079,0.035129727957,-0.000123030673,0.256712524691,0.268065031804,0.01958928982,-8.192293e-05,0.267784967634,0.003450691737,-8.2001076e-05,0.028932691248,-8.192293e-05,0.267218077474,0.012794150263,-8.2001076e-05,0.267501412862,13.684264935634,1.299928488853,1.0,alpha_elevator,-20,0,-2,0,0.032,0.05,11.779778003693
0.0,0.05,0.0,0.2,-0.000295178104,0.420122911589,0.419827733486,0.016771049713,0.017732883567,0.03450393328,7.9657e-08,-9.8753935e-05,-9.8674278e-05,12.167532613544,0.670938666658,-1.8992e-08,0.000385588221,-3.05452e-07,5.5314482e-05,-0.208140890003,-2.6904592e-05,5.529549e-05,-0.207755301781,-2.7210045e-05,0.016771049713,7.9657e-08,-0.000295178104,0.017732883567,-9.8753935e-05,0.420122911589,0.03450393328,-9.8674278e-05,0.419827733486,0.430974008218,0.020698558323,-6.2580832e-05,0.431269186322,0.00392750861,-6.2660489e-05,0.020698558323,-6.2580832e-05,0.430974008218,0.00392750861,-6.2660489e-05,0.431269186322,20.821450532507,3.029319204168,1.0,alpha_elevator,-20,0,0,0,0.032,0.05,11.711508989334
0.0,0.05,2.0,0.2,-0.000928370374,0.581029834317,0.580101463943,0.017718283806,0.027797263723,0.045515547529,1.20337e-07,-0.00014913874,-0.000149018402,12.745127663711,0.817195206776,-2.6453e-08,0.000387742051,-4.61955e-07,5.9482261e-05,-0.224514258911,-3.4701012e-05,5.9455808e-05,-0.22412651686,-3.5162967e-05,0.017739889965,1.20337e-07,-0.000309445648,0.007502681595,-0.00014913874,0.581645997154,0.025242571559,-0.000149018402,0.581336551506,0.594841314069,0.020056363988,-7.5836528e-05,0.595769684443,0.002338080182,-7.5956866e-05,-0.000715516286,-7.5836528e-05,0.595178909822,-0.018455406251,-7.5956866e-05,0.59548835547,29.658482187077,9.715573850572,1.0,alpha_elevator,-20,0,2,0,0.032,0.05,11.396530151367
0.0,0.05,4.0,0.2,-0.001653333767,0.741480221013,0.739826887246,0.018972097489,0.040952189983,0.059924287472,1.2196e-07,-6.9255487e-05,-6.9133527e-05,12.346027269666,0.90220042048,-3.0565e-08,0.00038272193,-6.34031e-07,6.3265761e-05,-0.240605947458,3.085545e-06,6.3235196e-05,-0.240223225528,2.451514e-06,0.019041213147,1.2196e-07,-0.000325879709,-0.010870613062,-6.9255487e-05,0.742530692826,0.008170600084,-6.9133527e-05,0.742204813118,0.759430859209,0.017820664024,-7.3143134e-05,0.761084192976,-0.001151433465,-7.3265095e-05,-0.035197965008,-7.3143134e-05,0.758824030487,-0.054239178155,-7.3265095e-05,0.759149910196,42.615183035049,-32.087901002475,1.0,alpha_elevator,-20,0,4,0,0.032,0.05,10.726440191269
0.0,0.05,6.0,0.2,-0.002504023203,0.902495688314,0.899991665111,0.020521781624,0.058297938438,0.078819720062,1.35837e-07,-1.3177935e-05,-1.3042098e-05,11.418356528011,0.93787230759,-3.2854e-08,0.000372131067,-7.36965e-07,5.9305402e-05,-0.259146875215,3.2514223e-05,5.9272548e-05,-0.258774744148,3.1777258e-05,0.020671102854,1.35837e-07,-0.000345195606,-0.036357911173,-1.3177935e-05,0.90364551642,-0.015686808319,-1.3042098e-05,0.903300320815,0.922702374184,0.022408170356,-5.2728852e-05,0.925206397387,0.001886388733,-5.2864689e-05,-0.074163245172,-5.2728852e-05,0.919990005646,-0.094834348027,-5.2864689e-05,0.920335201252,41.177051026701,28.984493550042,1.0,alpha_elevator,-20,0,6,0,0.032,0.05,11.307671070099
0.0,0.05,8.0,0.2,-0.003522154408,1.050400106749,1.046877952341,0.022432200321,0.084771320238,0.107203520559,2.27101e-07,-0.000396393685,-0.000396166585,9.765331836896,0.87269622059,-6.7445e-08,0.000351872652,5.5702e-08,-4.9838483e-05,-0.257122065461,-0.000116316564,-4.9905927e-05,-0.25677019281,-0.000116260862,0.022704080841,2.27101e-07,-0.000365918163,-0.062241108528,-0.000396393685,1.051975572626,-0.039537027688,-0.000396166585,1.051609654463,1.117723009495,-0.074277193172,0.000685611565,1.121245163903,-0.096709393493,0.000685384464,-0.22911130988,0.000685611565,1.096508018696,-0.251815390721,0.000685384464,1.09687393686,-15.047997396767,-0.764968201265,1.0,alpha_elevator,-20,0,8,0,0.032,0.05,8.443988800049
0.0,0.05,-8.0,0.2,0.002107657953,-0.293189004421,-0.291081346468,0.015922350051,0.005300607961,0.021222958011,9.85e-10,-3.1127827e-05,-3.1126842e-05,-13.715399442182,1.079003866788,5.47e-10,0.000106377104,4.7094e-08,1.4959307e-05,-0.061013314205,-1.5907235e-05,1.4959854e-05,-0.060906937101,-1.5860141e-05,0.016060724128,9.85e-10,-0.00012881646,-0.035555000104,-3.1127827e-05,-0.291073411231,-0.019494275977,-3.1126842e-05,-0.291202227691,-0.290951677217,0.014966987516,-4.0818721e-05,-0.29305933517,-0.000955362535,-4.0819706e-05,-0.025671317326,-4.0818721e-05,-0.290203157559,-0.041732041453,-4.0819706e-05,-0.290074341099,-19.439561696219,-5.986603280815,1.0,alpha_elevator,-10,0,-8,0,0.032,0.05,9.901360034943
0.0,0.05,-6.0,0.2,0.001504543998,-0.131539682857,-0.130035138859,0.015524444121,0.002212090344,0.017736534465,1.316e-09,-5.0272714e-05,-5.0271398e-05,-7.331485139529,0.515986722827,-4.3e-11,0.000119366898,1.9283e-08,1.4208374e-05,-0.080327014997,-2.1462582e-05,1.4208331e-05,-0.080207648099,-2.1443299e-05,0.015596667264,1.316e-09,-0.000126444338,-0.011549668626,-5.0272714e-05,-0.131050321115,0.004046998638,-5.0271398e-05,-0.131176765454,-0.128835692816,0.014501236743,-2.8718689e-05,-0.130340236814,-0.001023207378,-2.8720005e-05,0.000954800467,-2.8718689e-05,-0.129645709402,-0.014641866797,-2.8720005e-05,-0.129519265064,-8.884462414912,-1.115520931281,1.0,alpha_elevator,-10,0,-6,0,0.032,0.05,11.04726099968
0.0,0.05,-4.0,0.2,0.000953101287,0.03067985993,0.031632961217,0.015439596986,0.000873114118,0.016312711104,3.144e-09,-6.1651727e-05,-6.1648583e-05,1.93916026675,0.077362166249,-6.8e-10,0.000125574969,-8.435e-09,1.9029315e-05,-0.098640674838,-2.4502882e-05,1.9028636e-05,-0.098515099869,-2.4511317e-05,0.015468471889,3.144e-09,-0.000126232261,0.0030111061,-6.1651727e-05,0.030544219971,0.018479577989,-6.1648583e-05,0.030417987709,0.03470386078,0.0158106044,-3.5752357e-05,0.033750759493,0.000371007414,-3.57555e-05,0.018192909516,-3.5752357e-05,0.033516431909,0.002724437627,-3.57555e-05,0.033642664171,2.194973696282,0.18206105067,1.0,alpha_elevator,-10,0,-4,0,0.032,0.05,12.585023880005
0.0,0.05,-2.0,0.2,0.00041907162,0.193138128516,0.193557200137,0.015674744206,0.003204309637,0.018879053843,5.851e-09,-2.5631488e-05,-2.5625637e-05,10.252484141761,0.789230975157,-1.584e-09,0.000124887739,-5.1614e-08,2.4286633e-05,-0.116786524307,-1.0033662e-05,2.4285049e-05,-0.116661636569,-1.0085277e-05,0.015679820964,5.851e-09,-0.000128224351,0.009942781137,-2.5631488e-05,0.192908645193,0.025622602101,-2.5625637e-05,0.192780420843,0.197712135385,0.01605149837,-3.9557806e-05,0.197293063765,0.000376754164,-3.9563657e-05,0.022941774248,-3.9557806e-05,0.197031505279,0.007261953284,-3.9563657e-05,0.19715972963,12.31736320361,6.712441857654,1.0,alpha_elevator,-10,0,-2,0,0.032,0.05,10.543765068054
0.0,0.05,0.0,0.2,-0.00013235654,0.355686152437,0.355553795897,0.016228184648,0.008848219374,0.025076404022,6.963e-09,-9.465089e-05,-9.4643927e-05,14.178819083958,0.964438841432,-2.293e-09,0.000117203167,-9.5412e-08,2.3664627e-05,-0.135003626273,-2.9403559e-05,2.3662334e-05,-0.134886423106,-2.9498972e-05,0.016228184648,6.963e-09,-0.00013235654,0.008848219374,-9.465089e-05,0.355686152437,0.025076404022,-9.4643927e-05,0.355553795897,0.360442910973,0.016325205675,-2.8854926e-05,0.360575267513,9.7021027e-05,-2.8861889e-05,0.016325205675,-2.8854926e-05,0.360442910973,9.7021027e-05,-2.8861889e-05,0.360575267513,22.078920055159,87.955845531084,1.0,alpha_elevator,-10,0,0,0,0.032,0.05,12.124280929565
0.0,0.05,2.0,0.2,-0.000735766553,0.516997535103,0.516261768551,0.017097477978,0.017085959744,0.034183437722,8.854e-09,-5.097972e-05,-5.0970866e-05,15.102687235677,1.05298088157,-3.637e-09,0.000102520462,-1.67472e-07,2.8413645e-05,-0.151477874159,-8.56496e-06,2.8410007e-05,-0.151375353697,-8.732432e-06,0.017112740538,8.854e-09,-0.000138624967,-0.000967402332,-5.097972e-05,0.51727888557,0.016145338206,-5.0970866e-05,0.517140260602,0.523759668682,0.014977240337,-2.1254252e-05,0.524495435234,-0.002120237641,-2.1263106e-05,-0.003310832223,-2.1254252e-05,0.523963306593,-0.020423572762,-2.1263106e-05,0.52410193156,34.970372171658,-8.485458709008,1.0,alpha_elevator,-10,0,2,0,0.032,0.05,11.108907938004
0.0,0.05,4.0,0.2,-0.001425126803,0.677261258682,0.675836131879,0.018273103974,0.028522011414,0.046795115387,1.0615e-08,-9.4070706e-05,-9.4060091e-05,14.44245037723,1.080992296009,-5.013e-09,8.0933022e-05,-2.44941e-07,3.1212225e-05,-0.167270321765,-1.6659488e-05,3.1207212e-05,-0.167189388744,-1.6904429e-05,0.018328003431,1.0615e-08,-0.000146987968,-0.018790823982,-9.4070706e-05,0.677601079235,-0.000462820551,-9.4060091e-05,0.677454091267,0.686890229055,0.014387243914,-1.4679981e-05,0.688315355857,-0.003885860059,-1.4690596e-05,-0.033562842917,-1.4679981e-05,0.686220602382,-0.051890846348,-1.4690596e-05,0.68636759035,47.743002978586,-7.93442742019,1.0,alpha_elevator,-10,0,4,0,0.032,0.05,11.304859876633
0.0,0.05,6.0,0.2,-0.002233804585,0.835406176011,0.833172371427,0.01974729454,0.042554826847,0.062302121387,1.2366e-08,8.346249e-06,8.358615e-06,13.37309794389,1.101135660096,-7.604e-09,5.236899e-05,-3.82138e-07,3.7605302e-05,-0.180715532744,2.8431931e-05,3.7597699e-05,-0.180663163754,2.8049793e-05,0.019872612955,1.2366e-08,-0.000157413217,-0.04500201673,8.346249e-06,0.835277924224,-0.025129403775,8.358615e-06,0.835120511007,0.850829646743,0.012441839483,8.18237e-07,0.853063451327,-0.007305455058,8.05871e-07,-0.076562233692,8.18237e-07,0.847469239275,-0.096434846647,8.05871e-07,0.847626652493,68.384554222675,-6.41419829166,1.0,alpha_elevator,-10,0,6,0,0.032,0.05,10.457566976547
0.0,0.05,8.0,0.2,-0.003197778304,0.984682646093,0.981484867789,0.021531744611,0.058391106782,0.079922851392,2.9688e-08,-0.000194197003,-0.000194167315,12.280403547803,1.113628775393,-1.4843e-08,1.5638953e-05,-8.4424e-07,6.6148506e-05,-0.181057660996,-2.8066103e-05,6.6133662e-05,-0.181042022042,-2.8910342e-05,0.021767243875,2.9688e-08,-0.000170018079,-0.079218488774,-0.000194197003,0.983226253669,-0.057451244899,-0.000194167315,0.98305623559,1.02609080016,-0.025153189467,-4.539707e-06,1.029288578463,-0.046684934078,-4.569394e-06,-0.167712638881,-4.539707e-06,1.012604307651,-0.189479882756,-4.569394e-06,1.012774325729,-40.793665611165,-1.392869413308,1.0,alpha_elevator,-10,0,8,0,0.032,0.05,9.430289983749
0.0,0.05,-8.0,0.2,0.002162511654,-0.325553693135,-0.323391181481,0.015941225699,0.006459443615,0.022400669314,5.32e-10,2.1761285e-05,2.1761817e-05,-14.436674946737,1.092901871182,-1.16e-10,3.9267539e-05,-1.2244e-08,-2.353991e-06,-0.024495217022,9.018473e-06,-2.354107e-06,-0.024455949484,9.006228e-06,0.016087050239,5.32e-10,-7.7123575e-05,-0.038911736248,2.1761285e-05,-0.323284407771,-0.022824686009,2.1761817e-05,-0.323361531345,-0.324126693662,0.014569436091,-6.124017e-06,-0.326289205316,-0.001371789608,-6.124548e-06,-0.03068206972,-6.124017e-06,-0.32299998856,-0.046769119959,-6.124548e-06,-0.322922864986,-22.247030813559,-5.146225029602,1.0,alpha_elevator,-5,0,-8,0,0.032,0.05,9.499828100204
0.0,0.05,-6.0,0.2,0.001555461116,-0.164059628952,-0.162504167835,0.015506087356,0.001901420936,0.017407508292,8.51e-10,2.1500665e-05,2.1501516e-05,-9.335291708995,0.937498694837,-4e-12,4.872061e-05,6.7e-11,3.24282e-07,-0.042988980268,6.216304e-06,3.24278e-07,-0.042940259658,6.216371e-06,0.015583733348,8.51e-10,-7.3887345e-05,-0.015257896146,2.1500665e-05,-0.163359645747,0.000325837202,2.1501516e-05,-0.163433533092,-0.161444863723,0.01478247137,6.266095e-06,-0.163000324839,-0.000723615986,6.265243e-06,-0.002174092062,6.266095e-06,-0.162105640883,-0.01775782541,6.265243e-06,-0.162031753537,-10.921371648997,-2.463433200932,1.0,alpha_elevator,-5,0,-6,0,0.032,0.05,10.479166984558
0.0,0.05,-4.0,0.2,0.001003066112,-0.002009353775,-0.001006287663,0.015386056912,0.00026240395,0.015648460862,4.92e-10,-1.2806097e-05,-1.2805605e-05,-0.06430585551,0.000260491684,-9e-12,5.1029253e-05,9.39e-10,1.66223e-06,-0.061316471644,-6.718942e-06,1.662221e-06,-0.061265442391,-6.718003e-06,0.015418547606,4.92e-10,-7.2654382e-05,0.000121599313,-1.2806097e-05,-0.002022763465,0.015540146919,-1.2805605e-05,-0.002095417846,0.001090090379,0.015291352046,9.107375e-06,8.7024267e-05,-9.4704867e-05,9.106883e-06,0.015330143942,9.107375e-06,2.0764176e-05,-8.8403664e-05,9.106883e-06,9.3418558e-05,0.071288031029,-0.000721758547,1.0,alpha_elevator,-5,0,-4,0,0.032,0.05,10.313793897629
0.0,0.05,-2.0,0.2,0.000470742777,0.160059408339,0.160530151117,0.015583933063,0.001927999045,0.017511932108,7e-11,-3.5781336e-05,-3.5781266e-05,9.16690118063,0.902248876183,-8.8e-11,4.6151056e-05,-3.429e-09,5.224827e-06,-0.079188882697,-1.3913235e-05,5.224738e-06,-0.079142731641,-1.3916664e-05,0.015590868438,7e-11,-7.3415407e-05,0.007512817353,-3.5781336e-05,0.159894618276,0.023103685792,-3.5781266e-05,0.159821202869,0.163198845956,0.015789438725,-3.300021e-06,0.162728103179,0.000205505662,-3.300091e-06,0.021475377812,-3.300021e-06,0.162548386164,0.005884509374,-3.300091e-06,0.162621801571,10.33594979508,8.464657154058,1.0,alpha_elevator,-5,0,-2,0,0.032,0.05,14.833898067474
0.0,0.05,0.0,0.2,-7.6174996e-05,0.321939845796,0.3218636708,0.016101092748,0.006203823545,0.022304916293,1.21e-10,-5.7830098e-05,-5.7829977e-05,14.430167169151,1.12720892434,-3.71e-10,3.404352e-05,-1.7561e-08,8.120692e-06,-0.096221060484,-1.8360623e-05,8.120321e-06,-0.096187016963,-1.8378184e-05,0.016101092748,1.21e-10,-7.6174996e-05,0.006203823545,-5.7830098e-05,0.321939845796,0.022304916293,-5.7829977e-05,0.3218636708,0.325915233221,0.015561532812,-6.805712e-06,0.325991408217,-0.000539559936,-6.805833e-06,0.015561532812,-6.805712e-06,0.325915233221,-0.000539559936,-6.805833e-06,0.325991408217,20.943645922085,-12.960571751202,1.0,alpha_elevator,-5,0,0,0,0.032,0.05,10.320322990417
0.0,0.05,2.0,0.2,-0.000672296961,0.483696040104,0.483023743143,0.016933669079,0.013787200425,0.030720869504,5e-11,-4.7055254e-05,-4.7055203e-05,15.722984112712,1.142301650754,-7.03e-10,1.4732021e-05,-4.6259e-08,1.0734334e-05,-0.11323247481,-1.0431042e-05,1.0733631e-05,-0.113217742789,-1.0477301e-05,0.016946816371,5e-11,-8.0910888e-05,-0.003101946722,-4.7055254e-05,0.483882551901,0.013844869649,-4.7055203e-05,0.483801641014,0.488678744866,0.015038080133,8.27009e-07,0.489351041827,-0.001895588946,8.26959e-07,-0.002025722904,8.27009e-07,0.488905876406,-0.018972539275,8.26959e-07,0.488986787294,32.496085971645,-8.308310638189,1.0,alpha_elevator,-5,0,2,0,0.032,0.05,9.514955997467
0.0,0.05,4.0,0.2,-0.001351526922,0.644965544999,0.643614018077,0.018072232056,0.024809303407,0.042881535463,-1.6e-11,-3.5210132e-05,-3.5210149e-05,15.009117820354,1.127084179876,-1.43e-09,-1.165427e-05,-7.3042e-08,1.1953848e-05,-0.130459101323,-3.9267e-08,1.1952418e-05,-0.130470755592,-1.12309e-07,0.018122486759,-1.6e-11,-8.757949e-05,-0.020241652915,-3.5210132e-05,0.645125050869,-0.002119166156,-3.5210149e-05,0.64503747138,0.65109714296,0.015938381905,3.953285e-06,0.652448669882,-0.002133850151,3.953301e-06,-0.02951868395,3.953285e-06,0.650622908363,-0.047641170709,3.953301e-06,0.650710487852,40.850893575548,-13.104094197211,1.0,alpha_elevator,-5,0,4,0,0.032,0.05,9.509038209915
0.0,0.05,6.0,0.2,-0.002148005577,0.803213446394,0.801065440817,0.019516027191,0.037491421922,0.057007449113,5.72e-10,-7.0055724e-05,-7.0055152e-05,14.051943268577,1.155377790926,-2.47e-09,-4.5425572e-05,-1.92046e-07,2.2103943e-05,-0.143404390093,-5.670303e-06,2.2101473e-05,-0.143449815664,-5.86235e-06,0.019633644074,5.72e-10,-9.6258247e-05,-0.046672627238,-7.0055724e-05,0.802732279813,-0.027038983164,-7.0055152e-05,0.802636021566,0.816162763989,0.009725048993,1.2718128e-05,0.818310769567,-0.009790978197,1.2717556e-05,-0.075640465339,1.2718128e-05,0.812708283398,-0.095274109412,1.2717556e-05,0.812804541645,83.923768871622,-4.424150004885,1.0,alpha_elevator,-5,0,6,0,0.032,0.05,8.94069480896
0.0,0.05,8.0,0.2,-0.003091340634,0.964209210498,0.961117869865,0.02122972325,0.05591570604,0.077145429289,-1.062e-09,-9.3756468e-05,-9.375753e-05,12.458519950143,1.115165759595,-1.829e-09,-8.5741282e-05,-1.46159e-07,1.1355295e-05,-0.163161163281,-1.784086e-06,1.1353465e-05,-0.163246904563,-1.930245e-06,0.021453348504,-1.062e-09,-0.000106649502,-0.078820447567,-9.3756468e-05,0.962607554945,-0.057367099063,-9.375753e-05,0.962500905443,0.976760843239,0.018420580594,4.1702459e-05,0.979852183873,-0.002809142655,4.1703521e-05,-0.11769752268,4.1702459e-05,0.96981872318,-0.139150871184,4.1703521e-05,0.969925372682,53.025518834527,-22.197263879655,1.0,alpha_elevator,-5,0,8,0,0.032,0.05,9.449405908585
0.0,0.05,-8.0,0.2,0.002227068018,-0.356979913198,-0.35475284518,0.016037181307,0.009314125393,0.0253513067,-1.78e-10,8.4167753e-05,8.4167576e-05,-13.993473763582,0.912073062415,-7.31e-10,-1.5793627e-05,-1.03362e-07,-2.3633299e-05,0.011407632099,3.5417534e-05,-2.3634029e-05,0.011391838471,3.5314172e-05,0.016191056523,-1.78e-10,-2.6549908e-05,-0.040458520535,8.4167753e-05,-0.354802084936,-0.024267464012,8.4167576e-05,-0.354828634844,-0.356124129817,0.014203177585,4.2439659e-05,-0.358351197835,-0.001834003722,4.2439837e-05,-0.035497946236,4.2439659e-05,-0.354635054534,-0.051689002759,4.2439837e-05,-0.354608504626,-25.073553272485,-4.632031423349,1.0,alpha_elevator,0,0,-8,0,0.032,0.05,8.234835863113
0.0,0.05,-6.0,0.2,0.001612714108,-0.196166691125,-0.194553977018,0.015569913325,0.003623953595,0.01919386692,1.3e-11,7.7342288e-05,7.7342301e-05,-10.136257473838,0.705046130197,-3.13e-10,-8.152769e-06,-5.5532e-08,-2.0519424e-05,-0.00637046253,2.8816867e-05,-2.0519737e-05,-0.0063786153,2.8761334e-05,0.015653194238,1.3e-11,-2.3619622e-05,-0.01690090157,7.7342288e-05,-0.195470875766,-0.001247707332,7.7342301e-05,-0.195494495388,-0.19365969862,0.015100760203,5.1661344e-05,-0.195272412728,-0.000469153122,5.166133e-05,-0.005224914035,5.1661344e-05,-0.194177269787,-0.020878108273,5.166133e-05,-0.194153650164,-12.824499959696,-5.446099238351,1.0,alpha_elevator,0,0,-6,0,0.032,0.05,8.233628988266
0.0,0.05,-4.0,0.2,0.001055441986,-0.034352964461,-0.033297522474,0.015416521086,0.001144740701,0.016561261787,3.7e-11,2.1797114e-05,2.1797151e-05,-2.010566761288,0.065378755928,-1.7e-11,-7.903848e-06,-1.067e-08,-1.4814451e-05,-0.02429844967,7.397306e-06,-1.4814468e-05,-0.024306353518,7.386636e-06,0.015452591127,3.7e-11,-2.2531166e-05,-0.001254389493,2.1797114e-05,-0.034349135441,0.014198201634,2.1797151e-05,-0.034371666606,-0.031364681234,0.015613297775,2.9125928e-05,-0.03242012322,0.000196776689,2.912589e-05,0.013387375003,2.9125928e-05,-0.032377407043,-0.002065216124,2.912589e-05,-0.032354875877,-2.008844107488,0.380338359171,1.0,alpha_elevator,0,0,-4,0,0.032,0.05,8.71915102005
0.0,0.05,-2.0,0.2,0.000520826064,0.127748682358,0.128269508421,0.015581724665,0.001797988345,0.01737971301,8.7e-11,6.375161e-06,6.375248e-06,7.380415795596,0.617703303119,1.93e-10,-1.5052371e-05,1.7473e-08,-1.3205776e-05,-0.042029652249,1.486366e-06,-1.3205582e-05,-0.042044704619,1.503839e-06,0.015590409267,8.7e-11,-2.3285558e-05,0.006255257778,6.375161e-06,0.127608112424,0.021845667045,6.375248e-06,0.127584826866,0.130620412178,0.01610578195,3.1575222e-05,0.130099586115,0.000524057285,3.1575135e-05,0.020654557387,3.1575222e-05,0.129978758068,0.00506414812,3.1575135e-05,0.130002043627,8.110156500624,2.119278506154,1.0,alpha_elevator,0,0,-2,0,0.032,0.05,9.225275039673
0.0,0.05,0.0,0.2,-2.5884411e-05,0.289614509223,0.289588624812,0.016065517615,0.005388667218,0.021454184833,-6e-12,-8.616877e-06,-8.616883e-06,13.498001768241,1.05051333121,2.52e-10,-2.9638046e-05,3.9909e-08,-1.0562086e-05,-0.059169746746,-2.21324e-06,-1.0561834e-05,-0.059199384791,-2.173331e-06,0.016065517615,-6e-12,-2.5884411e-05,0.005388667218,-8.616877e-06,0.289614509223,0.021454184833,-8.616883e-06,0.289588624812,0.292724433896,0.016200785591,2.10388e-05,0.292750318307,0.000135267976,2.1038805e-05,0.016200785591,2.10388e-05,0.292724433896,0.000135267976,2.1038805e-05,0.292750318307,18.068533297145,41.849275033063,1.0,alpha_elevator,0,0,0,0,0.032,0.05,9.094432115555
0.0,0.05,2.0,0.2,-0.000619260588,0.45086954916,0.450250288572,0.016864429489,0.01192155676,0.028785986248,-4.6e-11,-2.3758642e-05,-2.3758688e-05,15.641301454425,1.147875969094,3.22e-10,-5.1638318e-05,4.7871e-08,-6.421324e-06,-0.075490173946,-4.340891e-06,-6.421003e-06,-0.075541812264,-4.29302e-06,0.016875768017,-4.6e-11,-3.032325e-05,-0.003820825875,-2.3758642e-05,0.451010947943,0.013054942142,-2.3758688e-05,0.450980624693,0.455084849878,0.015610893378,2.6904112e-05,0.455704110466,-0.00125353611,2.6904158e-05,-0.000280848574,2.6904112e-05,0.455352436805,-0.01715661659,2.6904158e-05,0.455382760055,29.15174928483,-10.916692711153,1.0,alpha_elevator,0,0,2,0,0.032,0.05,9.587386846542
0.0,0.05,4.0,0.2,-0.001293363654,0.611849760234,0.61055639658,0.01797155287,0.021677117551,0.039648670421,-3.42e-10,-2.273245e-05,-2.2732792e-05,15.399164463876,1.160833609054,-1.63e-10,-8.0981591e-05,3.1473e-08,-3.077337e-06,-0.091998029338,8.72502e-07,-3.077501e-06,-0.092079010929,9.03975e-07,0.018017995558,-3.42e-10,-3.658093e-05,-0.021056168553,-2.273245e-05,0.611871444251,-0.003038172995,-2.2732792e-05,0.611834863322,0.617624187244,0.014589947909,3.1398435e-05,0.618917550898,-0.003381604961,3.1398777e-05,-0.028528877872,3.1398435e-05,0.617137429083,-0.04654687343,3.1398777e-05,0.617174010013,42.332172197919,-7.441296926402,1.0,alpha_elevator,0,0,4,0,0.032,0.05,8.722671985626
0.0,0.05,6.0,0.2,-0.002081587951,0.771670326011,0.76958873806,0.019377831844,0.034323656407,0.053701488251,-5.38e-10,-2.8381507e-05,-2.8382045e-05,14.330864248389,1.164779709855,-3.46e-10,-0.000117621985,-7.39e-10,1.579861e-06,-0.107580434128,4.145802e-06,1.579514e-06,-0.107698056113,4.145064e-06,0.019489263243,-5.38e-10,-4.464981e-05,-0.046525885501,-2.8381507e-05,0.771030834282,-0.027036622258,-2.8382045e-05,0.770986184472,0.781141041389,0.012532703134,6.0912162e-05,0.783222629339,-0.006845128709,6.09127e-05,-0.069187424976,6.0912162e-05,0.778171893231,-0.088676688219,6.09127e-05,0.778216543041,62.328217066471,-5.840576598175,1.0,alpha_elevator,0,0,6,0,0.032,0.05,8.510668992996
0.0,0.05,8.0,0.2,-0.003016597626,0.929962044572,0.926945446945,0.021072433293,0.049924310579,0.070996743872,-1.115e-09,-5.1821606e-05,-5.1822721e-05,13.05616844361,1.161759439891,-1.215e-09,-0.000161554379,-8.5122e-08,1.0165651e-05,-0.122084522499,5.440552e-06,1.0164436e-05,-0.122246076877,5.35543e-06,0.021287187067,-1.115e-09,-5.4524419e-05,-0.079987250898,-5.1821606e-05,0.927859838998,-0.058700063831,-5.1822721e-05,0.927805314578,0.945609251921,0.00787396488,3.7336603e-05,0.948625849547,-0.013198468413,3.7337718e-05,-0.123806035891,3.7336603e-05,0.937502491793,-0.145093222958,3.7337718e-05,0.937557016212,120.093150822725,-4.394452241057,1.0,alpha_elevator,0,0,8,0,0.032,0.05,8.736386060715
0.0,0.05,-8.0,0.2,0.002321917373,-0.388325798112,-0.386003880739,0.016291365474,0.013090659077,0.029382024551,-1.6469e-08,0.000148297879,0.000148281411,-13.137416043921,0.76831933842,9.12e-10,-6.698094e-05,-2.10729e-07,-4.2029736e-05,0.047574834765,6.2666233e-05,-4.2028824e-05,0.047507853824,6.2455504e-05,0.016455967466,-1.6469e-08,3.2000781e-05,-0.041081243823,0.000148297879,-0.386368505756,-0.024625276357,0.000148281411,-0.386336504975,-0.387226854472,0.015572132475,6.9374763e-05,-0.389548771845,-0.000719232999,6.9391232e-05,-0.03847097656,6.9374763e-05,-0.385625611307,-0.054926944026,6.9391232e-05,-0.385657612089,-24.866655552535,-13.98407266519,1.0,alpha_elevator,5,0,-8,0,0.032,0.05,8.853548049927
0.0,0.05,-6.0,0.2,0.00169304665,-0.227494213868,-0.225801167219,0.015787917939,0.006712596244,0.022500514184,-1.4691e-08,0.000117017654,0.000117002963,-10.035378097361,0.512721789867,1.273e-09,-6.0013588e-05,-1.28028e-07,-3.9081538e-05,0.029780207503,4.583785e-05,-3.9080266e-05,0.029720193915,4.5709823e-05,0.015878401638,-1.4691e-08,3.3485163e-05,-0.017103796638,0.000117017654,-0.226949634132,-0.001225395001,0.000117002963,-0.226916148969,-0.224966791191,0.016243299271,6.8764994e-05,-0.226659837841,0.000455381331,6.8779685e-05,-0.007361116192,6.8764994e-05,-0.225432286681,-0.023239517829,6.8779685e-05,-0.225465771844,-13.849821236581,7.55782928538,1.0,alpha_elevator,5,0,-6,0,0.032,0.05,8.953464031219
0.0,0.05,-4.0,0.2,0.001124226255,-0.066148374781,-0.065024148526,0.015599501823,0.003302887306,0.018902389129,-1.4508e-08,8.4445027e-05,8.4430519e-05,-3.439996292678,0.086412292515,1.703e-09,-6.0587349e-05,-6.0146e-08,-3.5627852e-05,0.012362637265,3.1567276e-05,-3.562615e-05,0.012302049917,3.150713e-05,0.01563992428,-1.4508e-08,3.3321457e-05,-0.00131943573,8.4445027e-05,-0.066217638436,0.01432048855,8.4430519e-05,-0.06618431698,-0.062996621902,0.016932070931,7.7349266e-05,-0.064120848156,0.001332569108,7.7363774e-05,0.012496403055,7.7349266e-05,-0.064024286858,-0.003143521224,7.7363774e-05,-0.064057608315,-3.720550318914,0.214180309537,1.0,alpha_elevator,5,0,-4,0,0.032,0.05,9.007327795029
0.0,0.05,-2.0,0.2,0.000580785392,0.095494027635,0.096074813027,0.01572929456,0.003014772447,0.018744067007,-1.1317e-08,5.8309226e-05,5.8297908e-05,5.125611906463,0.206673356904,1.816e-09,-6.8742841e-05,6.468e-09,-3.2257259e-05,-0.004899384496,2.039019e-05,-3.2255443e-05,-0.004968127336,2.0396657e-05,0.015739981817,-1.1317e-08,3.1487129e-05,0.006345629432,5.8309226e-05,0.095330641213,0.022085611248,5.8297908e-05,0.095362128342,0.098649052354,0.017469804876,6.7912897e-05,0.098068266963,0.001740510316,6.7924214e-05,0.02090196502,6.7912897e-05,0.097979270619,0.005161983203,6.7924214e-05,0.09794778349,5.646831951284,0.35798302162,1.0,alpha_elevator,5,0,-2,0,0.032,0.05,8.760382890701
0.0,0.05,0.0,0.2,2.7954423e-05,0.257132044396,0.257159998819,0.016176210891,0.005864521508,0.022040732399,-8.989e-09,3.5713085e-05,3.5704097e-05,11.66748881853,0.761191941617,1.899e-09,-8.4473947e-05,6.6982e-08,-3.1263533e-05,-0.021875516557,1.2220997e-05,-3.1261634e-05,-0.021959990504,1.2287979e-05,0.016176210891,-8.989e-09,2.7954423e-05,0.005864521508,3.5713085e-05,0.257132044396,0.022040732399,3.5704097e-05,0.257159998819,0.260205237626,0.018075609825,6.4352537e-05,0.260177283203,0.001899398933,6.4361526e-05,0.018075609825,6.4352537e-05,0.260205237626,0.001899398933,6.4361526e-05,0.260177283203,14.395378089501,2.350231136202,1.0,alpha_elevator,5,0,0,0,0.032,0.05,9.423367023468
0.0,0.05,2.0,0.2,-0.000568867719,0.418722231243,0.418153363524,0.016941118122,0.011335409018,0.02827652714,-6.611e-09,2.0040945e-05,2.0034334e-05,14.788002835336,1.041247396806,1.642e-09,-0.00010785653,1.00673e-07,-2.2496886e-05,-0.038418004089,8.691301e-06,-2.2495243e-05,-0.038525860619,8.791974e-06,0.016950651248,-6.611e-09,2.2715316e-05,-0.003284691336,2.0040945e-05,0.418862757043,0.013665959913,2.0034334e-05,0.418885472359,0.422844052112,0.016896009613,5.8838433e-05,0.423412919831,-4.510851e-05,5.8845044e-05,0.002128672418,5.8838433e-05,0.423176129172,-0.01482197883,5.8845044e-05,0.423153413856,25.026267255209,-261.65717242687,1.0,alpha_elevator,5,0,2,0,0.032,0.05,8.954779863358
0.0,0.05,4.0,0.2,-0.001243772394,0.579397064172,0.578153291778,0.018013809794,0.0202735021,0.038287311894,-4.937e-09,-3.6746e-08,-4.1683e-08,15.100388697358,1.112953870438,1.588e-09,-0.000138621834,1.21322e-07,-1.7554155e-05,-0.054456170299,5.332931e-06,-1.7552567e-05,-0.054594792133,5.454253e-06,0.018056690235,-4.937e-09,1.5837223e-05,-0.020192579226,-3.6746e-08,0.579399890061,-0.002135888991,-4.1683e-08,0.579415727284,0.584816369148,0.016810532549,5.3633449e-05,0.586060141542,-0.001203277245,5.3638386e-05,-0.024025144763,5.3633449e-05,0.584564429338,-0.042081834998,5.3638386e-05,0.584548592114,34.788687833353,-18.751682305833,1.0,alpha_elevator,5,0,4,0,0.032,0.05,9.286017894745
0.0,0.05,6.0,0.2,-0.002034320442,0.734293990714,0.732259670272,0.019422864792,0.0323754891,0.051798353892,-4.884e-09,-1.144904e-06,-1.149787e-06,14.136736310215,1.117979470085,-1.344e-09,-0.000178004815,-1.18898e-07,1.6257268e-05,-0.061826095651,1.0241116e-05,1.6255924e-05,-0.062004100466,1.0122217e-05,0.019529108696,-4.884e-09,7.065988e-06,-0.044556489653,-1.144904e-06,0.733655611525,-0.025027380957,-1.149787e-06,0.733662677513,0.757246287121,-0.019082046795,7.9244156e-05,0.759280607562,-0.038504911587,7.924904e-05,-0.098131304054,7.9244156e-05,0.7511033957,-0.11766041275,7.924904e-05,0.751096329713,-39.683703495625,-0.940013381564,1.0,alpha_elevator,5,0,6,0,0.032,0.05,7.975145816803
0.0,0.05,8.0,0.2,-0.002961550458,0.898127783748,0.89516623329,0.021051414922,0.046861700097,0.067913115019,-3.346e-09,-3.7902755e-05,-3.79061e-05,13.181051009616,1.15427497007,9.71e-10,-0.000222521363,1.13021e-07,-9.570388e-06,-0.085361585663,5.342956e-06,-9.569417e-06,-0.085584107026,5.455977e-06,0.02125871216,-3.346e-09,-2.938158e-06,-0.078589583469,-3.7902755e-05,0.895909154014,-0.057330871309,-3.79061e-05,0.895906215856,0.912495402846,0.007680697455,5.9407597e-05,0.915456953304,-0.013370717467,5.9410943e-05,-0.119388865391,5.9407597e-05,0.904684006794,-0.140647577551,5.9410943e-05,0.904686944952,118.803716489456,-4.045503736837,1.0,alpha_elevator,5,0,8,0,0.032,0.05,8.848742961884
0.0,0.05,-8.0,0.2,0.002454197055,-0.418837732737,-0.416383535682,0.016664568344,0.018108948305,0.034773516649,-5.19e-08,0.000226738181,0.00022668628,-11.97415665158,0.64626971297,6.223e-09,-0.000132855192,-3.42242e-07,-5.8920143e-05,0.083038048648,9.7172187e-05,-5.891392e-05,0.082905193456,9.6829944e-05,0.016843948125,-5.19e-08,0.000111053325,-0.040358232799,0.000226738181,-0.417281911204,-0.023514284674,0.00022668628,-0.417170857879,-0.41776240559,0.017989108001,7.4165903e-05,-0.420216602645,0.001324539657,7.4217803e-05,-0.040327250212,7.4165903e-05,-0.416200370521,-0.057171198337,7.4217803e-05,-0.416311423846,-23.223075072099,8.835722481085,1.0,alpha_elevator,10,0,-8,0,0.032,0.05,8.603803157806
0.0,0.05,-6.0,0.2,0.001804858409,-0.258403325283,-0.256598466873,0.016124017351,0.010820294794,0.026944312145,-6.6934e-08,0.000202508383,0.000202441449,-9.523288829677,0.410760767332,8.204e-09,-0.00012485056,-2.55396e-07,-5.8282882e-05,0.06559902109,7.9291832e-05,-5.8274678e-05,0.06547417053,7.9036437e-05,0.016224347372,-6.6934e-08,0.000109552451,-0.016249482408,0.000202508383,-0.258118793617,-2.5135035e-05,0.000202441449,-0.258009241166,-0.255660892159,0.018889093003,0.000107044162,-0.257465750569,0.002765075653,0.000107111096,-0.0079382236,0.000107044162,-0.256234802906,-0.024162570972,0.000107111096,-0.256344355357,-13.534842150136,1.607389146154,1.0,alpha_elevator,10,0,-6,0,0.032,0.05,8.593719959259
0.0,0.05,-4.0,0.2,0.001218483381,-0.097203627056,-0.095985143675,0.015897221736,0.006858623221,0.022755844957,-5.876e-08,0.00017025249,0.00017019373,-4.21804348981,0.090675723234,7.739e-09,-0.000124597702,-1.42906e-07,-5.6469817e-05,0.048128784289,6.3829798e-05,-5.6462078e-05,0.048004186586,6.3686892e-05,0.015943494007,-5.876e-08,0.000106581087,6.1333701e-05,0.00017025249,-0.097445277277,0.016004827708,0.00017019373,-0.09733869619,-0.094107020613,0.019209092854,9.8972559e-05,-0.095325503994,0.003311871119,9.9031319e-05,0.012597726557,9.8972559e-05,-0.095217739222,-0.003345767449,9.9031319e-05,-0.095324320308,-4.899087183682,0.187782253195,1.0,alpha_elevator,10,0,-4,0,0.032,0.05,8.966312170029
0.0,0.05,-2.0,0.2,0.000660553206,0.064188306024,0.06484885923,0.015988356228,0.005657334559,0.021645690787,-5.6531e-08,0.000137972267,0.000137915736,2.995924679359,0.050177931479,8.069e-09,-0.000132207004,-4.8612e-08,-5.4320394e-05,0.031091326049,4.8588946e-05,-5.4312325e-05,0.030959119045,4.8540335e-05,0.016001669528,-5.6531e-08,0.000102165229,0.007894027838,0.000137972267,0.063951766113,0.023895697366,0.000137915736,0.064053931343,0.067423802278,0.019907671833,0.000106035058,0.066763249072,0.003919315606,0.000106091589,0.022248601383,0.000106035058,0.066687961792,0.006246931855,0.000106091589,0.066585796563,3.386825081452,0.072429315326,1.0,alpha_elevator,10,0,-2,0,0.032,0.05,9.696182966232
0.0,0.05,0.0,0.2,9.6359821e-05,0.225738090015,0.225834449836,0.016399820667,0.007626348891,0.024026169558,-5.4258e-08,6.8198976e-05,6.8144718e-05,9.399519523598,0.451422965594,8.134e-09,-0.000147651753,3.749e-08,-5.0615034e-05,0.014368368201,2.1484689e-05,-5.0606901e-05,0.014220716448,2.1522179e-05,0.016399820667,-5.4258e-08,9.6359821e-05,0.007626348891,6.8198976e-05,0.225738090015,0.024026169558,6.8144718e-05,0.225834449836,0.228818502902,0.020362413213,0.00011773198,0.228722143081,0.003962592546,0.000117786238,0.020362413213,0.00011773198,0.228818502902,0.003962592546,0.000117786238,0.228722143081,11.237297883397,0.8688021776,1.0,alpha_elevator,10,0,0,0,0.032,0.05,9.617279052734
0.0,0.05,2.0,0.2,-0.000508996255,0.386627872254,0.386118875999,0.017123762945,0.012241482245,0.029365245189,-3.3232e-08,6.8929851e-05,6.8896619e-05,13.148838823199,0.822106334788,6.268e-09,-0.000170751007,1.39691e-07,-4.1976154e-05,-0.001752434592,2.3625649e-05,-4.1969886e-05,-0.001923185598,2.376534e-05,0.017131095324,-3.3232e-08,8.892452e-05,-0.001259093088,6.8929851e-05,0.38681957057,0.015872002236,6.8896619e-05,0.38690849509,0.390584664703,0.01986699299,7.5156444e-05,0.391093660958,0.002743230045,7.5189676e-05,0.006223682337,7.5156444e-05,0.391040079135,-0.010907412988,7.5189676e-05,0.390951154615,19.659978986444,3.668595026819,1.0,alpha_elevator,10,0,2,0,0.032,0.05,9.377753019333
0.0,0.05,4.0,0.2,-0.001189407027,0.547452010557,0.54626260353,0.018157936087,0.020570577244,0.038728513332,-2.9784e-08,1.8961195e-05,1.8931411e-05,14.104920549201,0.979211255435,6.355e-09,-0.00020144458,2.26726e-07,-4.263551e-05,-0.018150887136,8.970965e-06,-4.2629155e-05,-0.018352331715,9.197691e-06,0.018196673107,-2.9784e-08,8.0123901e-05,-0.017667853448,1.8961195e-05,0.547553375905,0.000528819659,1.8931411e-05,0.547633499807,0.551742153358,0.021081583763,7.7668327e-05,0.552931560385,0.002923647676,7.7698111e-05,-0.01745735695,7.7668327e-05,0.551868714147,-0.035654030057,7.7698111e-05,0.551788590246,26.171760127514,6.88966079376,1.0,alpha_elevator,10,0,4,0,0.032,0.05,9.747107028961
0.0,0.05,6.0,0.2,-0.001979581606,0.706173102939,0.704193521333,0.019502134616,0.030440427857,0.049942562474,-1.7856e-08,5.5509865e-05,5.5492009e-05,14.100067887024,1.099646846512,4.424e-09,-0.000240224611,1.87813e-07,-2.140751e-05,-0.031429847335,2.4068331e-05,-2.1403086e-05,-0.031670071946,2.4256145e-05,0.019602222506,-1.7856e-08,6.9790911e-05,-0.043541517243,5.5509865e-05,0.705486503938,-0.023939294737,5.5492009e-05,0.70555629485,0.716527518218,0.012821572924,0.000103879657,0.718507099824,-0.006680561693,0.000103897513,-0.062146185363,0.000103879657,0.713942524817,-0.081748407868,0.000103897513,0.713872733905,55.884525438364,-5.010614681788,1.0,alpha_elevator,10,0,6,0,0.032,0.05,8.846028089523
0.0,0.05,8.0,0.2,-0.00291029124,0.865833992043,0.862923700803,0.021125359009,0.044957491082,0.066082850091,-2.0133e-08,-2.1783978e-05,-2.1804111e-05,13.058209499412,1.118053699679,4.773e-09,-0.000286010775,2.57443e-07,-2.5645137e-05,-0.048228560185,3.684644e-06,-2.5640363e-05,-0.04851457096,3.942087e-06,0.021324802723,-2.0133e-08,5.8113236e-05,-0.07598083372,-2.1783978e-05,0.863664628596,-0.054656030996,-2.1804111e-05,0.863722741832,0.878805020645,0.012841752024,7.8351435e-05,0.881715311885,-0.008283606985,7.8371568e-05,-0.109589242886,7.8351435e-05,0.872039777045,-0.13091404561,7.8371568e-05,0.871981663809,68.433420844993,-6.067995418721,1.0,alpha_elevator,10,0,8,0,0.032,0.05,9.088625192642
0.0,0.05,-8.0,0.2,0.002869804155,-0.47471527983,-0.471845475676,0.017728061724,0.030591139977,0.048319201702,-2.6986e-07,0.000323228579,0.000322958718,-9.765175314551,0.491274094873,5.2549e-08,-0.000375281727,-7.53407e-07,-9.2809728e-05,0.149479870915,0.000140842081,-9.2757178e-05,0.149104589188,0.000140088675,0.01795493299,-2.6986e-07,0.000374606094,-0.035774168461,0.000323228579,-0.474352847172,-0.017819235472,0.000322958718,-0.473978241079,-0.474457435531,0.027980163681,0.000150530078,-0.477327239686,0.010252101957,0.000150799938,-0.038323849925,0.000150530078,-0.473734134529,-0.056278782915,0.000150799938,-0.474108740622,-16.956921372561,1.465907641864,1.0,alpha_elevator,20,0,-8,0,0.032,0.05,9.285609006882
0.0,0.05,-6.0,0.2,0.002164324,-0.315510102269,-0.31334577827,0.017125303743,0.021660507941,0.038785811684,-3.27991e-07,0.000308214318,0.000307886327,-8.078876389765,0.305984194734,4.9345e-08,-0.000359153389,-6.18219e-07,-9.3208564e-05,0.133104334234,0.000125450057,-9.3159219e-05,0.132745180844,0.000124831838,0.017257722999,-3.27991e-07,0.000362385923,-0.011437936723,0.000308214318,-0.316045844525,0.005819786275,0.000307886327,-0.315683458602,-0.312738929625,0.028844083894,0.000141629253,-0.314903253625,0.011718780152,0.000141957245,-0.004004046733,0.000141629253,-0.31404074081,-0.021261769732,0.000141957245,-0.314403126734,-10.842394259128,0.56556851431,1.0,alpha_elevator,20,0,-6,0,0.032,0.05,8.905514955521
0.0,0.05,-4.0,0.2,0.00152601493,-0.155292392657,-0.153766377727,0.016827640484,0.016536328894,0.033363969378,-3.42113e-07,0.00028082934,0.000280487227,-4.608755510638,0.096516952634,4.9344e-08,-0.000350484649,-4.80705e-07,-8.9430218e-05,0.116147990589,0.000108073228,-8.9380874e-05,0.11579750594,0.000107592523,0.016893098618,-3.42113e-07,0.000348460773,0.005663397517,0.00028082934,-0.156067624186,0.022556496135,0.000280487227,-0.155719163414,-0.152399334885,0.0272553573,0.000161717705,-0.153925349815,0.010427716816,0.000162059818,0.016558124417,0.000161717705,-0.153929335381,-0.000334974201,0.000162059818,-0.154277796154,-5.591536856636,0.153057097803,1.0,alpha_elevator,20,0,-4,0,0.032,0.05,9.253252983093
0.0,0.05,-2.0,0.2,0.000922348017,0.005349699774,0.006272047791,0.016847347233,0.013721246191,0.030568593425,-2.60321e-07,0.000209769477,0.000209509156,0.205179469803,0.000193528574,4.2154e-08,-0.000350582899,-2.5416e-07,-8.6201702e-05,0.099811761275,7.6986048e-05,-8.6159548e-05,0.099461178376,7.6731889e-05,0.016869273766,-2.60321e-07,0.000333822208,0.013899589409,0.000209769477,0.004867576296,0.030768863175,0.000209509156,0.005201398504,0.008861295696,0.027285032854,0.000104408833,0.007938947678,0.010437685621,0.000104669154,0.027577666309,0.000104408833,0.00790366372,0.010708392543,0.000104669154,0.007569841511,0.324767638836,0.000254410154,1.0,alpha_elevator,20,0,-2,0,0.032,0.05,9.414052963257
0.0,0.05,0.0,0.2,0.000317799023,0.166141346151,0.166459145174,0.017179699138,0.014232686357,0.031412385494,-2.82431e-07,0.000187388367,0.000187105936,5.299156449094,0.131416039978,4.2536e-08,-0.000358391792,-1.21485e-07,-8.4529047e-05,0.083424516046,6.4451888e-05,-8.4486511e-05,0.083066124254,6.4330403e-05,0.017179699138,-2.82431e-07,0.000317799023,0.014232686357,0.000187388367,0.166141346151,0.031412385494,0.000187105936,0.166459145174,0.169551713424,0.027439433805,0.000142502607,0.169233914401,0.010259734667,0.000142785038,0.027439433805,0.000142502607,0.169551713424,0.010259734667,0.000142785038,0.169233914401,6.179125802382,0.182305229131,1.0,alpha_elevator,20,0,0,0,0.032,0.05,9.460227012634
0.0,0.05,2.0,0.2,-0.000321299245,0.326823925255,0.326502626009,0.017833474085,0.017327086135,0.03516056022,-2.52572e-07,0.000117055839,0.000116803267,9.286047320242,0.415305572067,3.7316e-08,-0.000375341704,4.1817e-08,-7.6039096e-05,0.067724626552,3.6964162e-05,-7.600178e-05,0.067349284848,3.7005978e-05,0.017833823596,-2.52572e-07,0.000301275751,0.005910540441,0.000117055839,0.327229539535,0.023744364037,0.000116803267,0.327530815287,0.331156987096,0.026425262825,0.000122503369,0.331478286341,0.008591788739,0.00012275594,0.014851953089,0.000122503369,0.331877483579,-0.002981870507,0.00012275594,0.331576207828,12.531833242097,0.837547993523,1.0,alpha_elevator,20,0,2,0,0.032,0.05,9.524590015411
0.0,0.05,4.0,0.2,-0.00102996973,0.486625374078,0.485595404348,0.018794028697,0.023396071953,0.042190100649,-2.10965e-07,7.4373268e-05,7.4162303e-05,11.50970006882,0.680340183313,3.1843e-08,-0.000400237865,1.47263e-07,-6.1051214e-05,0.052700247836,2.0798962e-05,-6.1019371e-05,0.052300009972,2.0946225e-05,0.018820094444,-2.10965e-07,0.000283544394,-0.010606189833,7.4373268e-05,0.487072006604,0.008213904611,7.4162303e-05,0.487355550997,0.492883264512,0.024397415856,0.000144874109,0.493913234242,0.00560338716,0.000145085074,-0.010043813522,0.000144874109,0.493384503351,-0.028863907966,0.000145085074,0.493100958957,20.202273364216,2.840654666018,1.0,alpha_elevator,20,0,4,0,0.032,0.05,9.431911945343
0.0,0.05,6.0,0.2,-0.001840809181,0.64611312062,0.644272311439,0.020047424306,0.033158646963,0.053206071269,-1.69422e-07,7.8592486e-05,7.8423064e-05,12.108999895584,0.84501042876,2.9926e-08,-0.00043272802,3.30567e-07,-6.4744313e-05,0.036704231937,2.2748989e-05,-6.4714387e-05,0.036271503916,2.3079556e-05,0.020130019373,-1.69422e-07,0.000264801419,-0.03456021117,7.8592486e-05,0.646039667752,-0.014430191797,7.8423064e-05,0.646304469172,0.652266450717,0.026791424679,5.0648785e-05,0.654107259898,0.006744000373,5.0818207e-05,-0.041535751283,5.0648785e-05,0.651493733302,-0.061665770656,5.0818207e-05,0.651228931883,24.346090532295,4.154715441708,1.0,alpha_elevator,20,0,6,0,0.032,0.05,9.781692028046
0.0,0.05,8.0,0.2,-0.002788049246,0.804481544405,0.80169349516,0.021601607633,0.045183517198,0.06678512483,-1.56368e-07,2.1064103e-05,2.0907736e-05,12.004072721208,0.960188765482,2.8768e-08,-0.000474169869,3.71835e-07,-5.5055755e-05,0.022034714576,5.522173e-06,-5.5026987e-05,0.021560544707,5.894009e-06,0.021779403731,-1.56368e-07,0.000245446578,-0.067218396886,2.1064103e-05,0.802940715517,-0.045438993154,2.0907736e-05,0.803186162095,0.816011073407,0.01998340063,0.000104730475,0.818799122652,-0.001618207003,0.000104886843,-0.093777867955,0.000104730475,0.810850861568,-0.115557271686,0.000104886843,0.81060541499,40.834444973143,-26.810355859227,1.0,alpha_elevator,20,0,8,0,0.032,0.05,9.048918008804
0.0,0.05,-8.0,0.2,0.004658317997,-0.568748914791,-0.564090596793,0.021108291296,0.06381323247,0.084921523766,-2.701565e-06,0.000722089163,0.000719387598,-6.642492642375,0.336594419327,4.68789e-07,-0.001801197053,-2.775266e-06,-0.000150965544,0.263623687926,0.000290932849,-0.000150496755,0.261822490872,0.000288157584,0.021551179417,-2.701565e-06,0.001675277211,-0.015962343661,0.000722089163,-0.572094974894,0.005588835756,0.000719387598,-0.570419697683,-0.565691690235,0.064751666372,0.000184019212,-0.570350008232,0.043643375076,0.000186720777,-0.014607559112,0.000184019212,-0.569198107793,-0.036158738528,0.000186720777,-0.570873385004,-8.736326367067,0.492152082446,1.0,alpha_elevator,40,0,-8,0,0.032,0.05,8.025727987289
0.0,0.05,-6.0,0.2,0.003768797484,-0.411358894455,-0.407590096971,0.020405405514,0.052962209439,0.073367614953,-2.359518e-06,0.000608572776,0.000606213258,-5.555449733942,0.211739112286,2.92923e-07,-0.001733600252,-2.007723e-06,-0.000136956307,0.248007289779,0.000243456118,-0.000136663384,0.246273689527,0.000241448395,0.020687569177,-2.359518e-06,0.001615205937,0.009673363825,0.000608572776,-0.414641485754,0.030360933002,0.000606213258,-0.413026279817,-0.407217826567,0.058845347595,0.000161686524,-0.410986624051,0.038439942081,0.000164046042,0.015957132998,0.000161686524,-0.41113805846,-0.00473043618,0.000164046042,-0.412753264396,-6.920136309989,0.291732260878,1.0,alpha_elevator,40,0,-6,0,0.032,0.05,7.98060798645
0.0,0.05,-4.0,0.2,0.00295911009,-0.252342332856,-0.249383222766,0.020008266784,0.045706639518,0.065714906301,-2.657812e-06,0.0008898155,0.000887157688,-3.794926247357,0.091849143165,2.93246e-07,-0.001676552654,-1.905993e-06,-0.000163192644,0.231519811762,0.000335856869,-0.000162899398,0.229843259108,0.000333950876,0.020165944737,-2.657812e-06,0.00155619571,0.027992789125,0.0008898155,-0.254915973615,0.048158733861,0.000887157688,-0.253359777905,-0.24735376716,0.054810302583,0.000486057779,-0.25031287725,0.034802035799,0.000488715592,0.037422260876,0.000486057779,-0.250574599248,0.017256316139,0.000488715592,-0.252130794958,-4.512906433719,0.120628451189,1.0,alpha_elevator,40,0,-4,0,0.032,0.05,7.795630931854
0.0,0.05,-2.0,0.2,0.002192394664,-0.093182652143,-0.090990257479,0.019912927345,0.040736467302,0.060649394647,-2.452815e-06,0.000566103017,0.000563650202,-1.500266540307,0.013719123294,2.76136e-07,-0.001629729672,-1.5817e-06,-0.000131110851,0.215307830846,0.000206565491,-0.000130834715,0.213678101174,0.000204983791,0.019977310398,-2.452815e-06,0.001496107974,0.037459624086,0.000566103017,-0.094547569995,0.057436934484,0.000563650202,-0.093051462021,-0.087662807792,0.049745340782,0.000349979281,-0.089855202455,0.029832413437,0.000352432096,0.046655649393,0.000349979281,-0.089345493334,0.026678338995,0.000352432096,-0.090841601308,-1.762231525872,0.018733603927,1.0,alpha_elevator,40,0,-2,0,0.032,0.05,7.937399864197
0.0,0.05,0.0,0.2,0.001438520793,0.064917493379,0.066356014172,0.020133251804,0.038083481448,0.058216733251,-2.095076e-06,0.000502215432,0.000500120356,1.13980999046,0.007804478248,2.65914e-07,-0.00159426471,-1.185196e-06,-0.000138805739,0.200923414858,0.00017754174,-0.000138539825,0.199329150148,0.000176356544,0.020133251804,-2.095076e-06,0.001438520793,0.038083481448,0.000502215432,0.064917493379,0.058216733251,0.000500120356,0.066356014172,0.070981915615,0.046631219909,0.000282286208,0.069543394821,0.026497968105,0.000284381284,0.046631219909,0.000282286208,0.070981915615,0.026497968105,0.000284381284,0.069543394821,1.5221972694,0.011216773353,1.0,alpha_elevator,40,0,0,0,0.032,0.05,8.452060937881
0.0,0.05,2.0,0.2,0.000658892705,0.223904852419,0.224563745124,0.020658668372,0.039128501884,0.059787170256,-1.652789e-06,0.000254433705,0.000252780915,3.756052413308,0.086997345192,2.83833e-07,-0.001565594634,-8.1764e-07,-0.000140665175,0.186049958984,7.3974631e-05,-0.000140381342,0.18448436435,7.3156991e-05,0.020623088645,-1.652789e-06,0.001379468454,0.031290499199,0.000254433705,0.225134020655,0.051913587845,0.000252780915,0.226513489109,0.231035306675,0.041494853023,0.000137352763,0.230376413969,0.020836184651,0.000139005552,0.033406559556,0.000137352763,0.232342715694,0.012783470911,0.000139005552,0.23096324724,5.567806362606,0.163373277896,1.0,alpha_elevator,40,0,2,0,0.032,0.05,8.899349927902
0.0,0.05,4.0,0.2,-0.000180063585,0.38237716429,0.382197100705,0.021484316809,0.043565537897,0.065049854705,-1.342085e-06,0.000264895353,0.000263553268,5.875448952766,0.226334954892,2.57124e-07,-0.001544920187,-5.29852e-07,-0.000133728072,0.171411613634,6.826538e-05,-0.000133470948,0.169866693446,6.7735528e-05,0.021444542693,-1.342085e-06,0.001319045222,0.016786131815,0.000264895353,0.384484691037,0.038230674508,0.000263553268,0.385803736259,0.392756842617,0.031610730605,0.00020258284,0.392936906202,0.010126413797,0.000203924925,0.004136396074,0.00020258284,0.394005159787,-0.017308146619,0.000203924925,0.392686114565,12.424794843345,0.973731100938,1.0,alpha_elevator,40,0,4,0,0.032,0.05,8.596794128418
0.0,0.05,6.0,0.2,-0.001108927553,0.540355502064,0.539246574511,0.022596471543,0.049592025296,0.07218849684,-1.150741e-06,0.000134077858,0.000132927117,7.469979264262,0.395806461958,3.09629e-07,-0.001534834348,-2.24154e-07,-0.000153604692,0.156457282024,9.019188e-06,-0.000153295063,0.154922447676,8.795035e-06,0.022588600201,-1.150741e-06,0.001259121714,-0.007162175256,0.000134077858,0.54257915628,0.015426424945,0.000132927117,0.543838277994,0.552709841876,0.029512629671,8.0414615e-05,0.553818769428,0.006916158127,8.1565356e-05,-0.028422954007,8.0414615e-05,0.552766949357,-0.051011554208,8.1565356e-05,0.551507827643,18.72790896782,2.838113836061,1.0,alpha_elevator,40,0,6,0,0.032,0.05,8.698265075684
0.0,0.05,8.0,0.2,-0.002163463666,0.697617887136,0.695454423469,0.023989912344,0.059809023915,0.083798936259,-1.433175e-06,3.2839544e-05,3.1406369e-05,8.299084147353,0.545871685599,2.40908e-07,-0.001530718927,9.5788e-08,-0.000128247257,0.141983671669,-1.3913321e-05,-0.000128006348,0.140452952742,-1.3817533e-05,0.024057540113,-1.433175e-06,0.001196341506,-0.037862678032,3.2839544e-05,0.699152525137,-0.013805137919,3.1406369e-05,0.700348866643,0.716717260659,0.018430640443,0.000286603727,0.718880724325,-0.005559271901,0.000288036902,-0.081496488961,0.000286603727,0.71230726693,-0.105554029074,0.000288036902,0.711110925424,38.887268344988,-5.872720974896,1.0,alpha_elevator,40,0,8,0,0.032,0.05,8.859801054001
