beta,Mach,alpha,Re_1e6,CLo,CLi,CLtot,CDo,CDi,CDtot,CSo,CSi,CStot,L/D,E,CMox,CMoy,CMoz,CMix,CMiy,CMiz,CMxtot,CMytot,CMztot,CFox,CFoy,CFoz,CFix,CFiy,CFiz,CFxtot,CFytot,CFztot,CLwtot,CDwtot,CSwtot,CLiw,CDiw,CSiw,CFwxtot,CFwytot,CFwztot,CFiwx,CFiwy,CFiwz,LoDw,Ew,StallFactor,sref_m2,cref_m,bref_m,cg_x_m,cg_y_m,cg_z_m,mach,alpha_deg,beta_deg,re_cref,vinf_mps,rho,analysis_tag,delta_e_deg,aileron_e_deg,alpha_commanded,beta_commanded,xcg,ycg,zcg,mach_commanded,l2_residual
0.0,0.05,-8.0,0.2,0.001582679401,-0.054876392833,-0.053293713432,0.017458089662,0.025009603288,0.04246769295,5.2016e-08,-1.6010534e-05,-1.5958518e-05,-1.254923677969,0.006456324319,-5.447e-09,0.001617277342,-1.2221e-08,3.30284e-07,-0.324988903961,-4.216742e-06,3.24837e-07,-0.323371626618,-4.228963e-06,0.017508455134,5.2016e-08,-0.000862419601,0.017128893788,-1.6010534e-05,-0.057823003593,0.034637348922,-1.5958518e-05,-0.058685423195,-0.047633550646,0.037612150459,-1.2287327e-05,-0.049216230048,0.020154060797,-1.2339344e-05,0.030616802643,-1.2287327e-05,-0.052404583819,0.013108347509,-1.2339344e-05,-0.051542164218,-1.266440500359,0.008011790356,1.0,0.17682192737430166,0.21183464332902732,0.995,0.04,0.0,0.007,0.05,-8.0,0.0,200000.0,16.6,1.225,alpha_elevator,-40,0,-8,0,0.04,0.0,0.007,0.05,7.456718921661
0.0,0.05,-6.0,0.2,0.000917202055,0.093047124502,0.093964326556,0.017424645978,0.027343175104,0.044767821082,1.40866e-07,-2.8967915e-05,-2.8827048e-05,2.098925618585,0.018357656684,-1.5436e-08,0.001725446253,-1.5925e-08,7.788098e-06,-0.339069324633,-1.0551735e-05,7.772662e-06,-0.33734387838,-1.056766e-05,0.017425065665,1.40866e-07,-0.000909193941,0.036919459265,-2.8967915e-05,0.089679262543,0.05434452493,-2.8827048e-05,0.088770068602,0.104434634164,0.038814008077,-3.2478793e-05,0.103517432109,0.021389362099,-3.261966e-05,0.049517772701,-3.2478793e-05,0.099805361693,0.032092707035,-3.261966e-05,0.100714555634,2.690642871924,0.023467582571,1.0,0.17682192737430166,0.21183464332902732,0.995,0.04,0.0,0.007,0.05,-6.0,0.0,200000.0,16.6,1.225,alpha_elevator,-40,0,-6,0,0.04,0.0,0.007,0.05,9.345263957977
0.0,0.05,-4.0,0.2,0.000273713686,0.24169486362,0.241968577306,0.017649746047,0.032763644606,0.050413390653,4.0882e-08,-1.5653712e-05,-1.5612831e-05,4.79968861785,0.101593497512,-4.077e-09,0.00182718254,-7.354e-09,3.872288e-06,-0.352466248568,-6.607203e-06,3.868211e-06,-0.350639066027,-6.614557e-06,0.017625845454,4.0882e-08,-0.000958137114,0.049543615423,-1.5653712e-05,0.238820630765,0.067169460877,-1.5612831e-05,0.237862493651,0.255987348535,0.041047789537,-1.472161e-05,0.255713634849,0.02339804349,-1.4762491e-05,0.058804573942,-1.472161e-05,0.252500427167,0.041178728488,-1.4762491e-05,0.25345856428,6.236324816026,0.142258614408,1.0,0.17682192737430166,0.21183464332902732,0.995,0.04,0.0,0.007,0.05,-4.0,0.0,200000.0,16.6,1.225,alpha_elevator,-40,0,-4,0,0.04,0.0,0.007,0.05,7.222885847092
0.0,0.05,-2.0,0.2,-0.000377973825,0.391528897747,0.391150923922,0.018141036678,0.041332159971,0.059473196649,2.085e-09,-5.388606e-06,-5.386522e-06,6.576927859298,0.210446058187,-7.85e-10,0.001925214569,3.604e-09,-2.529667e-06,-0.36618515678,-5.350081e-06,-2.530452e-06,-0.36425994221,-5.346477e-06,0.018116794552,2.085e-09,-0.001010856624,0.054971143012,-5.388606e-06,0.389847917341,0.073087937564,-5.386522e-06,0.388837060717,0.407478849742,0.044891755413,-6.47257e-06,0.407856823567,0.026750718735,-6.474655e-06,0.059085215342,-6.47257e-06,0.405663924966,0.040968420789,-6.474655e-06,0.40667478159,9.076919492009,0.325157250102,1.0,0.17682192737430166,0.21183464332902732,0.995,0.04,0.0,0.007,0.05,-2.0,0.0,200000.0,16.6,1.225,alpha_elevator,-40,0,-2,0,0.04,0.0,0.007,0.05,7.420727968216
0.0,0.05,0.0,0.2,-0.001067523195,0.54237266566,0.541305142464,0.018899647108,0.053210309866,0.072109956975,1.23998e-07,-2.7585288e-05,-2.746129e-05,7.506662951625,0.313060802502,-1.2465e-08,0.00202016436,-1.1943e-08,4.172877e-06,-0.379843935881,-7.932047e-06,4.160412e-06,-0.377823771521,-7.943991e-06,0.018899647108,1.23998e-07,-0.001067523195,0.053210309866,-2.7585288e-05,0.54237266566,0.072109956975,-2.746129e-05,0.541305142464,0.559365095367,0.050010547199,-2.2576453e-05,0.560432618562,0.031110900091,-2.270045e-05,0.050010547199,-2.2576453e-05,0.559365095367,0.031110900091,-2.270045e-05,0.560432618562,11.18494251106,0.535441348839,1.0,0.17682192737430166,0.21183464332902732,0.995,0.04,0.0,0.007,0.05,0.0,0.0,200000.0,16.6,1.225,alpha_elevator,-40,0,0,0,0.04,0.0,0.007,0.05,7.38217997551
0.0,0.05,2.0,0.2,-0.001822306861,0.693178826321,0.69135651946,0.019911464824,0.068447397658,0.088358862482,1.96403e-07,-1.8918179e-05,-1.8721776e-05,7.824416250269,0.396997123782,-2.1455e-08,0.002108404119,3.0941e-08,-3.631305e-06,-0.393165301521,-2.902126e-06,-3.65276e-06,-0.391056897402,-2.871185e-06,0.01996293289,1.96403e-07,-0.00112629666,0.044214109189,-1.8918179e-05,0.695145340238,0.064177042079,-1.8721776e-05,0.694019043578,0.710688498683,0.056564853472,-3.6364448e-05,0.712510805544,0.036653388648,-3.6560851e-05,0.031727724776,-3.6364448e-05,0.712229651369,0.011764791886,-3.6560851e-05,0.713355948029,12.564135767272,0.741361740417,1.0,0.17682192737430166,0.21183464332902732,0.995,0.04,0.0,0.007,0.05,2.0,0.0,200000.0,16.6,1.225,alpha_elevator,-40,0,2,0,0.04,0.0,0.007,0.05,7.527616977692
0.0,0.05,4.0,0.2,-0.002672328821,0.844469862307,0.841797533486,0.021177653912,0.087164693207,0.108342347118,1.53766e-07,1.9567598e-05,1.9721365e-05,7.76979229153,0.462183958799,-7.85e-09,0.002192527155,1.01771e-07,-9.126401e-06,-0.406504052835,3.122198e-06,-9.13425e-06,-0.404311525681,3.223969e-06,0.021312478446,1.53766e-07,-0.001188540703,0.028045124617,1.9567598e-05,0.848493077799,0.049357603064,1.9721365e-05,0.847304537096,0.862283808626,0.06421945984,5.903304e-06,0.864956137446,0.043041805928,5.749537e-06,0.003913146607,5.903304e-06,0.86466305167,-0.017399331839,5.749537e-06,0.865851592373,13.427142034126,0.935976595426,1.0,0.17682192737430166,0.21183464332902732,0.995,0.04,0.0,0.007,0.05,4.0,0.0,200000.0,16.6,1.225,alpha_elevator,-40,0,4,0,0.04,0.0,0.007,0.05,7.645561933517
0.0,0.05,6.0,0.2,-0.003640543392,0.994990521923,0.991349978532,0.022670957201,0.109411075807,0.132082033009,3.1466e-08,-4.0223442e-05,-4.0191976e-05,7.505562686694,0.510661234716,-1.598e-09,0.002266453825,1.40407e-07,-1.047359e-05,-0.419297783764,-2.0038369e-05,-1.0475189e-05,-0.417031329939,-1.9897963e-05,0.022927303732,3.1466e-08,-0.001250839797,0.004806880263,-4.0223442e-05,1.000976431355,0.027734183995,-4.0191976e-05,0.999725591558,1.012861171391,0.07352180199,-2.190441e-05,1.016501714783,0.050850844789,-2.1935876e-05,-0.032753779883,-2.190441e-05,1.014997732896,-0.055681083615,-2.1935876e-05,1.016248572692,13.77633768455,1.09874271107,1.0,0.17682192737430166,0.21183464332902732,0.995,0.04,0.0,0.007,0.05,6.0,0.0,200000.0,16.6,1.225,alpha_elevator,-40,0,6,0,0.04,0.0,0.007,0.05,7.802751779556
0.0,0.05,8.0,0.2,-0.004760968214,1.145872799154,1.141111830939,0.024402755828,0.135342778495,0.159745534322,4.54057e-07,-7.4941388e-05,-7.4487331e-05,7.143309738074,0.546967478003,-3.3837e-08,0.002339447348,1.97261e-07,-4.455521e-06,-0.43336955641,-3.6711738e-05,-4.489359e-06,-0.431030109062,-3.6514478e-05,0.024827868595,4.54057e-07,-0.001318427599,-0.025449038886,-7.4941388e-05,1.153557318017,-0.00062117029,-7.4487331e-05,1.152238890418,1.163750778456,0.0842544791,-4.3729266e-05,1.168511746671,0.059851723272,-4.4183323e-05,-0.078528284281,-4.3729266e-05,1.164151193005,-0.103356152877,-4.4183323e-05,1.165469620603,13.812331295502,1.236858258576,1.0,0.17682192737430166,0.21183464332902732,0.995,0.04,0.0,0.007,0.05,8.0,0.0,200000.0,16.6,1.225,alpha_elevator,-40,0,8,0,0.04,0.0,0.007,0.05,7.695698022842
0.0,0.05,-8.0,0.2,0.001942559405,-0.184048722696,-0.182106163291,0.015797894416,0.005977238316,0.021775132732,1.636e-09,-2.61386e-07,-2.5975e-07,-8.363033444206,0.315419757552,-7.71e-10,0.000523102994,-6.472e-08,-1.7824446e-05,-0.165127231216,4.78828e-06,-1.7825216e-05,-0.164604128222,4.72356e-06,0.01591450241,1.636e-09,-0.000274987404,-0.019695563222,-2.61386e-07,-0.18308944397,-0.003781060812,-2.5975e-07,-0.183364431374,-0.188524780283,0.019691738191,-8.764393e-06,-0.190467339688,0.003893843775,-8.766029e-06,-0.006737478731,-8.764393e-06,-0.189430630348,-0.022651981141,-8.766029e-06,-0.189155642944,-9.573800872949,0.484184566598,1.0,0.17682192737430166,0.21183464332902732,0.995,0.04,0.0,0.007,0.05,-8.0,0.0,200000.0,16.6,1.225,alpha_elevator,-20,0,-8,0,0.04,0.0,0.007,0.05,7.878042936325
0.0,0.05,-6.0,0.2,0.001355212295,-0.036413888394,-0.0350586761,0.015572925809,0.004977862351,0.02055078816,3.529e-09,-2.166903e-06,-2.163373e-06,-1.705952872792,0.014037453064,-7.88e-10,0.000552599838,-3.1768e-08,-1.7366958e-05,-0.177401191993,2.354935e-06,-1.7367746e-05,-0.176848592156,2.323167e-06,0.01562927395,3.529e-09,-0.000280025703,0.001144305305,-2.166903e-06,-0.036734737606,0.016773579255,-2.163373e-06,-0.037014763309,-0.037429664326,0.018984537559,-7.928683e-06,-0.03878487662,0.00341161175,-7.932212e-06,0.014968072983,-7.928683e-06,-0.039209045245,-0.000661200967,-7.932212e-06,-0.038929019542,-1.971586835279,0.020481964018,1.0,0.17682192737430166,0.21183464332902732,0.995,0.04,0.0,0.007,0.05,-6.0,0.0,200000.0,16.6,1.225,alpha_elevator,-20,0,-6,0,0.04,0.0,0.007,0.05,8.141751050949
0.0,0.05,-4.0,0.2,0.000803884043,0.11249885102,0.113302735063,0.015616529037,0.006983608923,0.02260013796,1.922e-09,-1.322942e-06,-1.32102e-06,5.013364753144,0.104505958374,-4.61e-10,0.000576506361,2.876e-09,-1.8056205e-05,-0.189607253679,1.066491e-06,-1.8056666e-05,-0.189030747318,1.069368e-06,0.015634564073,1.922e-09,-0.000287428176,0.01481412035,-1.322942e-06,0.111737657541,0.030448684423,-1.32102e-06,0.111450229365,0.113573732928,0.019457745206,-5.71901e-06,0.112769848885,0.003841216169,-5.720931e-06,0.027332850236,-5.71901e-06,0.11193976933,0.011698286162,-5.720931e-06,0.112227197506,5.836942139257,0.18999939375,1.0,0.17682192737430166,0.21183464332902732,0.995,0.04,0.0,0.007,0.05,-4.0,0.0,200000.0,16.6,1.225,alpha_elevator,-20,0,-4,0,0.04,0.0,0.007,0.05,7.611132860184
0.0,0.05,-2.0,0.2,0.000259018217,0.262536582598,0.262795600814,0.01593021255,0.012135309814,0.028065522364,-2.442e-09,-3.653751e-06,-3.656193e-06,9.363645451077,0.323538143935,-7.4e-11,0.000594591796,4.1206e-08,-1.9569902e-05,-0.20167499855,-1.518441e-06,-1.9569976e-05,-0.201080406755,-1.477235e-06,0.015929547901,-2.442e-09,-0.000297095971,0.021290311909,-3.653751e-06,0.2619531362,0.03721985981,-3.656193e-06,0.26165604023,0.264581457721,0.021108224548,-9.461448e-06,0.264322439504,0.005178011998,-9.459006e-06,0.030329125699,-9.461448e-06,0.263683615432,0.014399577798,-9.459006e-06,0.263980711403,12.534519761321,0.758251548089,1.0,0.17682192737430166,0.21183464332902732,0.995,0.04,0.0,0.007,0.05,-2.0,0.0,200000.0,16.6,1.225,alpha_elevator,-20,0,-2,0,0.04,0.0,0.007,0.05,7.668268918991
0.0,0.05,0.0,0.2,-0.000308973615,0.413478783887,0.413169810271,0.016513678272,0.020524312007,0.037037990279,6.106e-09,-6.483118e-06,-6.477012e-06,11.155297767388,0.472855810033,-3.54e-10,0.000606792568,8.5705e-08,-2.0675076e-05,-0.213684881976,-3.491629e-06,-2.0675429e-05,-0.213078089407,-3.405924e-06,0.016513678272,6.106e-09,-0.000308973615,0.020524312007,-6.483118e-06,0.413478783887,0.037037990279,-6.477012e-06,0.413169810271,0.415607756017,0.024063258485,-8.574391e-06,0.415916729633,0.007549580213,-8.580497e-06,0.024063258485,-8.574391e-06,0.415607756017,0.007549580213,-8.580497e-06,0.415916729633,17.271466217696,1.285507260761,1.0,0.17682192737430166,0.21183464332902732,0.995,0.04,0.0,0.007,0.05,0.0,0.0,200000.0,16.6,1.225,alpha_elevator,-20,0,0,0,0.04,0.0,0.007,0.05,7.903119802475
0.0,0.05,2.0,0.2,-0.000929763313,0.56512972654,0.564199963228,0.017364791706,0.032286633912,0.049651425618,7.581e-09,-1.1223424e-05,-1.1215843e-05,11.363217797037,0.560510191913,-3.48e-10,0.000613347349,1.33463e-07,-2.1362197e-05,-0.225933607016,-7.599898e-06,-2.1362545e-05,-0.225320259667,-7.466435e-06,0.017386661815,7.581e-09,-0.000323174435,0.012544222739,-1.1223424e-05,0.565912252054,0.029930884555,-1.1215843e-05,0.565589077619,0.566793394187,0.028185778709,-1.1794958e-05,0.5677231575,0.010820987004,-1.1802539e-05,0.008387804503,-1.1794958e-05,0.567431788456,-0.008998857312,-1.1802539e-05,0.567754962892,20.109197621664,1.672397107969,1.0,0.17682192737430166,0.21183464332902732,0.995,0.04,0.0,0.007,0.05,2.0,0.0,200000.0,16.6,1.225,alpha_elevator,-20,0,2,0,0.04,0.0,0.007,0.05,7.80429816246
0.0,0.05,4.0,0.2,-0.001631665861,0.716691709974,0.715060044113,0.018471677058,0.047498387712,0.065970064771,3.381e-09,-5.890432e-06,-5.887051e-06,10.839159345966,0.611992825446,9.59e-10,0.000613350828,2.14086e-07,-2.5185352e-05,-0.23780468009,-7.062662e-06,-2.5184393e-05,-0.237191329262,-6.848576e-06,0.018540500238,3.381e-09,-0.000339172149,-0.002611202422,-5.890432e-06,0.718259205024,0.015929297816,-5.887051e-06,0.717920032875,0.71752388703,0.033666666214,-4.467175e-06,0.719155552891,0.015194989155,-4.470556e-06,-0.016467280279,-4.467175e-06,0.718124502822,-0.035007780518,-4.470556e-06,0.718463674971,21.312590990509,1.913043319924,1.0,0.17682192737430166,0.21183464332902732,0.995,0.04,0.0,0.007,0.05,4.0,0.0,200000.0,16.6,1.225,alpha_elevator,-20,0,4,0,0.04,0.0,0.007,0.05,7.968616962433
0.0,0.05,6.0,0.2,-0.002442998768,0.867968510856,0.865525512087,0.019825831028,0.066167348542,0.08599317957,-8.24e-09,-9.64735e-07,-9.72975e-07,10.065048372573,0.643659511814,2.877e-09,0.000607315413,2.87993e-07,-2.8477963e-05,-0.249728446702,-7.350715e-06,-2.8475086e-05,-0.249121131289,-7.062722e-06,0.019972585958,-8.24e-09,-0.000357252115,-0.024922537721,-9.64735e-07,0.870130059798,-0.004949951762,-9.72975e-07,0.869772807683,0.867950718522,0.040404622004,5.689098e-06,0.870393717291,0.020578790976,5.697338e-06,-0.050542273542,5.689098e-06,0.867419426718,-0.070514859501,5.697338e-06,0.867776678833,21.481471066282,2.069569748337,1.0,0.17682192737430166,0.21183464332902732,0.995,0.04,0.0,0.007,0.05,6.0,0.0,200000.0,16.6,1.225,alpha_elevator,-20,0,6,0,0.04,0.0,0.007,0.05,8.599272012711
0.0,0.05,8.0,0.2,-0.003391277008,1.019197132429,1.015805855421,0.021418651907,0.088462182214,0.109880834121,-8.905e-09,-7.977351e-06,-7.986257e-06,9.244613617518,0.66313805569,2.942e-09,0.000595377235,3.8058e-07,-3.1963439e-05,-0.261955182688,-1.28152e-05,-3.1960497e-05,-0.261359805453,-1.243462e-05,0.021682181597,-8.905e-09,-0.000377373129,-0.054243551072,-7.977351e-06,1.021589932214,-0.032561369475,-7.986257e-06,1.021212559085,1.018475464162,0.048573748682,1.4751095e-05,1.02186674117,0.027155096774,1.4760001e-05,-0.093643356301,1.4751095e-05,1.015323890186,-0.115325537897,1.4760001e-05,1.015701263315,20.967610938103,2.160280996334,1.0,0.17682192737430166,0.21183464332902732,0.995,0.04,0.0,0.007,0.05,8.0,0.0,200000.0,16.6,1.225,alpha_elevator,-20,0,8,0,0.04,0.0,0.007,0.05,9.276970863342
0.0,0.05,-8.0,0.2,0.002044387776,-0.250957884229,-0.248913496453,0.015556369449,0.003767008415,0.019323377865,-1.587e-09,-1.9096799e-05,-1.9098386e-05,-12.881469181831,0.9350621474,-5.5e-11,0.000282209117,-1.7688e-08,-4.695173e-06,-0.078898997351,-4.989837e-06,-4.695228e-06,-0.078616788235,-5.007525e-06,0.015689499717,-1.587e-09,-0.000140536241,-0.03119623881,-1.9096799e-05,-0.249039845593,-0.015506739093,-1.9098386e-05,-0.249180381835,-0.256544404317,0.017479455975,-2.0609225e-05,-0.258588792093,0.001923086525,-2.0607639e-05,-0.018394733172,-2.0609225e-05,-0.256480401901,-0.03408423289,-2.0607639e-05,-0.256339865659,-14.676910121814,1.831632083025,1.0,0.17682192737430166,0.21183464332902732,0.995,0.04,0.0,0.007,0.05,-8.0,0.0,200000.0,16.6,1.225,alpha_elevator,-10,0,-8,0,0.04,0.0,0.007,0.05,8.790010929108
0.0,0.05,-6.0,0.2,0.00146312356,-0.103877374733,-0.102414251173,0.015249788956,0.000931741647,0.016181530603,-1.411e-09,-2.702234e-06,-2.703644e-06,-6.329083056803,0.639978606024,8e-11,0.000294238071,-5.105e-09,-4.578675e-06,-0.090207664176,3.1139e-07,-4.578595e-06,-0.089913426105,3.06284e-07,0.015319187074,-1.411e-09,-0.000138928589,-0.00993150488,-2.702234e-06,-0.103405717128,0.005387682194,-2.703644e-06,-0.103544645717,-0.106239008288,0.016028846777,-9.718985e-06,-0.107702131848,0.000779057821,-9.717574e-06,0.004836038802,-9.718985e-06,-0.107332490606,-0.010483148272,-9.717574e-06,-0.107193562017,-6.627988261834,0.765404960351,1.0,0.17682192737430166,0.21183464332902732,0.995,0.04,0.0,0.007,0.05,-6.0,0.0,200000.0,16.6,1.225,alpha_elevator,-10,0,-6,0,0.04,0.0,0.007,0.05,9.805183887482
0.0,0.05,-4.0,0.2,0.000924244821,0.044290704227,0.045214949048,0.015211212208,0.001075709991,0.016286922199,3.1e-10,-1.896319e-06,-1.896009e-06,2.776150613085,0.108046092563,-1.7e-11,0.000299828693,1.416e-09,-6.465011e-06,-0.101049389654,-4.7037e-07,-6.465028e-06,-0.100749560961,-4.68953e-07,0.015238630519,3.1e-10,-0.000139087118,0.004162652962,-1.896319e-06,0.044107776562,0.019401283481,-1.896009e-06,0.043968689444,0.043728070357,0.015703627462,-3.075335e-06,0.042803825536,0.000492415254,-3.075645e-06,0.018715690206,-3.075335e-06,0.042526121299,0.003477059687,-3.075645e-06,0.042665208416,2.784584037243,0.236033023664,1.0,0.17682192737430166,0.21183464332902732,0.995,0.04,0.0,0.007,0.05,-4.0,0.0,200000.0,16.6,1.225,alpha_elevator,-10,0,-4,0,0.04,0.0,0.007,0.05,7.97852396965
0.0,0.05,-2.0,0.2,0.000398182018,0.194155275792,0.19455345781,0.01544269394,0.004312223271,0.01975491721,1.545e-09,-8.45598e-06,-8.454435e-06,9.848356018956,0.499018728506,-4.6e-11,0.000298978879,1.364e-08,-6.042432e-06,-0.112660857337,-3.423543e-06,-6.042478e-06,-0.112361878458,-3.409903e-06,0.01544718302,1.545e-09,-0.00014100279,0.011085517788,-8.45598e-06,0.193886507222,0.026532700808,-8.454435e-06,0.193745504432,0.194198869106,0.01654696752,-8.892506e-06,0.193800687088,0.00110427358,-8.894051e-06,0.023314330346,-8.892506e-06,0.193503087563,0.007867147327,-8.894051e-06,0.193644090353,11.736221085285,1.948683923569,1.0,0.17682192737430166,0.21183464332902732,0.995,0.04,0.0,0.007,0.05,-2.0,0.0,200000.0,16.6,1.225,alpha_elevator,-10,0,-2,0,0.04,0.0,0.007,0.05,8.539280891418
0.0,0.05,0.0,0.2,-0.000144633653,0.344723158689,0.344578525036,0.015944350003,0.010776015649,0.026720365653,6.78e-10,-4.620768e-06,-4.62009e-06,12.895726410212,0.626409561588,1.06e-10,0.000291531619,2.9237e-08,-6.804413e-06,-0.123820600549,-2.948753e-06,-6.804307e-06,-0.12352906893,-2.919516e-06,0.015944350003,6.78e-10,-0.000144633653,0.010776015649,-4.620768e-06,0.344723158689,0.026720365653,-4.62009e-06,0.344578525036,0.344463687302,0.018517260168,-4.22063e-06,0.344608320955,0.002572910165,-4.221308e-06,0.018517260168,-4.22063e-06,0.344463687302,0.002572910165,-4.221308e-06,0.344608320955,18.602303157866,2.623565848093,1.0,0.17682192737430166,0.21183464332902732,0.995,0.04,0.0,0.007,0.05,0.0,0.0,200000.0,16.6,1.225,alpha_elevator,-10,0,0,0,0.04,0.0,0.007,0.05,8.161771059036
0.0,0.05,2.0,0.2,-0.000733730823,0.496087675412,0.495353944589,0.0167136918,0.020580268551,0.037293960351,8.06e-10,-6.679533e-06,-6.678727e-06,13.28241731179,0.67782938166,2.07e-10,0.000277557444,4.7812e-08,-7.46981e-06,-0.135169143966,-4.559394e-06,-7.469604e-06,-0.134891586522,-4.511581e-06,0.016729117107,8.06e-10,-0.000149984422,0.003254521415,-6.679533e-06,0.496503713218,0.019983638522,-6.678727e-06,0.496353728796,0.4948771138,0.021696931464,-4.596883e-06,0.495610844623,0.004983239664,-4.597688e-06,0.004412752079,-4.596883e-06,0.495332860021,-0.012316365029,-4.597688e-06,0.495482844443,22.808622252203,2.799365803486,1.0,0.17682192737430166,0.21183464332902732,0.995,0.04,0.0,0.007,0.05,2.0,0.0,200000.0,16.6,1.225,alpha_elevator,-10,0,2,0,0.04,0.0,0.007,0.05,9.865195035934
0.0,0.05,4.0,0.2,-0.001398029789,0.647566501159,0.646168471371,0.017742539259,0.033777925485,0.051520464743,2.403e-09,-1.3173183e-05,-1.317078e-05,12.541976757937,0.702746562847,2.28e-10,0.000256936206,7.4967e-08,-8.313219e-06,-0.146350536685,-6.909644e-06,-8.312991e-06,-0.146093600479,-6.834677e-06,0.017796840953,2.403e-09,-0.000156967284,-0.01147631148,-1.3173183e-05,0.648345290681,0.006320529473,-1.317078e-05,0.648188323397,0.645032496402,0.026122233397,-9.521264e-06,0.646430526191,0.008379694139,-9.523667e-06,-0.01893659145,-9.521264e-06,0.645283424548,-0.036733432403,-9.523667e-06,0.645440391833,24.692854037187,2.832719266599,1.0,0.17682192737430166,0.21183464332902732,0.995,0.04,0.0,0.007,0.05,4.0,0.0,200000.0,16.6,1.225,alpha_elevator,-10,0,4,0,0.04,0.0,0.007,0.05,8.679998874664
0.0,0.05,6.0,0.2,-0.002165860646,0.799074908512,0.796909047866,0.019022723699,0.05048500047,0.06950772417,1.424e-09,-1.2212089e-05,-1.2210665e-05,11.46504302056,0.715147009709,6.36e-10,0.000229747443,1.13679e-07,-1.0878967e-05,-0.157631110189,-8.472774e-06,-1.0878332e-05,-0.157401362747,-8.359095e-06,0.019144909313,1.424e-09,-0.000165579759,-0.033317633867,-1.2212089e-05,0.799974612072,-0.014172724554,-1.2210665e-05,0.799809032312,0.795139873377,0.031813491607,-5.4965e-06,0.797305734023,0.012790767908,-5.497923e-06,-0.051475535075,-5.4965e-06,0.794109429343,-0.070620444389,-5.497923e-06,0.794275009102,24.993794557136,2.822676275655,1.0,0.17682192737430166,0.21183464332902732,0.995,0.04,0.0,0.007,0.05,6.0,0.0,200000.0,16.6,1.225,alpha_elevator,-10,0,6,0,0.04,0.0,0.007,0.05,9.580487966537
0.0,0.05,8.0,0.2,-0.003064351778,0.950239110567,0.94717475879,0.020540982876,0.070789983329,0.091330966205,2.328e-09,-2.0410676e-05,-2.0408348e-05,10.370795340825,0.720491063211,8.93e-10,0.000196095174,1.66452e-07,-1.2236823e-05,-0.169038964314,-9.34289e-06,-1.2235929e-05,-0.16884286914,-9.176438e-06,0.020767554782,2.328e-09,-0.000175777433,-0.062146663594,-2.0410676e-05,0.950843510361,-0.041379108812,-2.0408348e-05,0.950667732928,0.945018800949,0.038871535062,-1.0235267e-05,0.948083152727,0.018330552186,-1.0237596e-05,-0.093027957039,-1.0235267e-05,0.941231815014,-0.113795511821,-1.0237596e-05,0.941407592447,24.311332172758,2.782433929752,1.0,0.17682192737430166,0.21183464332902732,0.995,0.04,0.0,0.007,0.05,8.0,0.0,200000.0,16.6,1.225,alpha_elevator,-10,0,8,0,0.04,0.0,0.007,0.05,12.491327047348
0.0,0.05,-8.0,0.2,0.002101262909,-0.284851836017,-0.282750573108,0.015569259019,0.004866405523,0.020435664542,-2.72e-09,-2.3716373e-05,-2.3719093e-05,-13.836133027819,0.933982776929,5.8e-11,0.000200619579,-9.16e-10,-1.22679e-06,-0.034296817817,-6.242793e-06,-1.226731e-06,-0.034096198238,-6.243709e-06,0.015710179335,-2.72e-09,-8.6008494e-05,-0.034824667334,-2.3716373e-05,-0.282756950278,-0.019114487999,-2.3719093e-05,-0.282842958772,-0.289926299548,0.017833212746,-1.6883077e-05,-0.292027562457,0.002263953727,-1.6880357e-05,-0.022690281012,-1.6883077e-05,-0.289586660249,-0.038400460348,-1.6880357e-05,-0.289500651755,-16.25765943989,2.007611237283,1.0,0.17682192737430166,0.21183464332902732,0.995,0.04,0.0,0.007,0.05,-8.0,0.0,200000.0,16.6,1.225,alpha_elevator,-5,0,-8,0,0.04,0.0,0.007,0.05,13.156764984131
0.0,0.05,-6.0,0.2,0.001516252943,-0.138080660839,-0.136564407895,0.015226108003,0.001104518743,0.016330626747,2.16e-10,9.28216e-07,9.28432e-07,-8.362471937842,0.959935688969,-2.2e-11,0.000207863622,-1.709e-09,-8.74409e-07,-0.045258258833,6.7577e-07,-8.74431e-07,-0.045050395211,6.74061e-07,0.015301189381,2.16e-10,-8.361492e-05,-0.013334891211,9.28216e-07,-0.137439694178,0.00196629817,9.28432e-07,-0.137523309098,-0.139991622128,0.016039606684,1.648968e-06,-0.141507875072,0.00081349868,1.648752e-06,0.001318630909,1.648968e-06,-0.140901328813,-0.013982558472,1.648752e-06,-0.140817713893,-8.727871255705,1.303341955198,1.0,0.17682192737430166,0.21183464332902732,0.995,0.04,0.0,0.007,0.05,-6.0,0.0,200000.0,16.6,1.225,alpha_elevator,-5,0,-6,0,0.04,0.0,0.007,0.05,10.546247959137
0.0,0.05,-4.0,0.2,0.000976521647,0.009891732159,0.010868253807,0.015151326056,0.000290220495,0.015441546551,2.09e-10,3.685532e-06,3.685741e-06,0.703831949129,0.023138310333,-1.9e-11,0.000208357569,-4.52e-10,-3.7823e-06,-0.055762649952,1.121851e-06,-3.782319e-06,-0.055554292383,1.121399e-06,0.015182536894,2.09e-10,-8.2760188e-05,0.000979525887,3.685532e-06,0.009847391638,0.016162062781,3.685741e-06,0.00976463145,0.009695986247,0.01539468668,7.173086e-06,0.0087194646,0.000243360624,7.172878e-06,0.016033543807,7.173086e-06,0.008598488255,0.000851006914,7.172878e-06,0.008681248443,0.629826799905,0.027593666379,1.0,0.17682192737430166,0.21183464332902732,0.995,0.04,0.0,0.007,0.05,-4.0,0.0,200000.0,16.6,1.225,alpha_elevator,-5,0,-4,0,0.04,0.0,0.007,0.05,10.549526929855
0.0,0.05,-2.0,0.2,0.000452416955,0.159446479071,0.159898896026,0.01534489026,0.002537187209,0.017882077469,2.8e-11,-5.53806e-07,-5.53778e-07,8.941852327008,0.572899698477,2.8e-11,0.000201992339,4.697e-09,-2.159115e-06,-0.066934433912,-2.134e-07,-2.159088e-06,-0.066732441572,-2.08703e-07,0.015351331692,2.8e-11,-8.3387593e-05,0.008100243493,-5.53806e-07,0.159260802028,0.023451575185,-5.53778e-07,0.159177414435,0.15969662391,0.015862150608,-6.089251e-06,0.159244206955,0.000517260348,-6.08928e-06,0.021425819614,-6.089251e-06,0.159045759969,0.006074487922,-6.08928e-06,0.159129147561,10.067778818842,2.810100935987,1.0,0.17682192737430166,0.21183464332902732,0.995,0.04,0.0,0.007,0.05,-2.0,0.0,200000.0,16.6,1.225,alpha_elevator,-5,0,-2,0,0.04,0.0,0.007,0.05,11.454217910767
0.0,0.05,0.0,0.2,-8.5526239e-05,0.309900674713,0.309815148474,0.015809303383,0.008019618669,0.023828922052,9.5e-11,2.76689e-07,2.76784e-07,13.001643456572,0.680443008065,7e-11,0.000188773989,1.0076e-08,-2.793537e-06,-0.077862092664,-3.38564e-07,-2.793467e-06,-0.077673318675,-3.28488e-07,0.015809303383,9.5e-11,-8.5526239e-05,0.008019618669,2.76689e-07,0.309900674713,0.023828922052,2.76784e-07,0.309815148474,0.309701816744,0.017485668127,7.44772e-07,0.309787342983,0.001676364744,7.44677e-07,0.017485668127,7.44772e-07,0.309701816744,0.001676364744,7.44677e-07,0.309787342983,17.711751961414,3.255194593025,1.0,0.17682192737430166,0.21183464332902732,0.995,0.04,0.0,0.007,0.05,0.0,0.0,200000.0,16.6,1.225,alpha_elevator,-5,0,0,0,0.04,0.0,0.007,0.05,10.922634124756
0.0,0.05,2.0,0.2,-0.000666851735,0.461055030464,0.460388178729,0.016541539093,0.016824228276,0.033365767369,8e-12,-2.25636e-07,-2.25628e-07,13.798219403537,0.716231391371,1.36e-10,0.000168676018,2e-08,-3.399374e-06,-0.088726560971,-9.37426e-07,-3.399238e-06,-0.088557884953,-9.17426e-07,0.016554735225,8e-12,-8.9154118e-05,0.000723390895,-2.25636e-07,0.461361325296,0.01727812612,-2.25628e-07,0.461272171178,0.459730838069,0.020240033359,5.24646e-07,0.460397689804,0.003698494265,5.24637e-07,0.00418332881,5.24646e-07,0.460157149441,-0.012371406415,5.24637e-07,0.46024630356,22.71393677683,3.258093581394,1.0,0.17682192737430166,0.21183464332902732,0.995,0.04,0.0,0.007,0.05,2.0,0.0,200000.0,16.6,1.225,alpha_elevator,-5,0,2,0,0.04,0.0,0.007,0.05,16.216034173965
0.0,0.05,4.0,0.2,-0.001320598572,0.612528329322,0.61120773075,0.017534370413,0.029033200519,0.046567570932,5.2e-11,-2.923306e-06,-2.923254e-06,13.125179572727,0.731514501693,2.38e-10,0.000141765019,3.6725e-08,-4.546729e-06,-0.099720652073,-2.603985e-06,-4.546492e-06,-0.099578887054,-2.56726e-06,0.017583777868,5.2e-11,-9.424581e-05,-0.01376533922,-2.923306e-06,0.613061494787,0.003818438648,-2.923254e-06,0.612967248976,0.60966881646,0.024199055568,-7.90038e-07,0.610989415032,0.006664685154,-7.9009e-07,-0.018388238904,-7.90038e-07,0.60987173465,-0.035972016772,-7.9009e-07,0.60996598046,25.193909520897,3.186678247923,1.0,0.17682192737430166,0.21183464332902732,0.995,0.04,0.0,0.007,0.05,4.0,0.0,200000.0,16.6,1.225,alpha_elevator,-5,0,4,0,0.04,0.0,0.007,0.05,10.43249797821
0.0,0.05,6.0,0.2,-0.002074945744,0.763785079165,0.761710133421,0.018777845094,0.044690101012,0.063467946106,-1.57e-10,-2.288092e-06,-2.288249e-06,12.001493354658,0.738088275332,3.04e-10,0.00010800287,4.2755e-08,-4.501309e-06,-0.11047967611,-2.921737e-06,-4.501005e-06,-0.110371673241,-2.878982e-06,0.018891868983,-1.57e-10,-0.000100759683,-0.035391996629,-2.288092e-06,0.764272372168,-0.016500127646,-2.288249e-06,0.764171612484,0.759267806934,0.029435149093,1.973406e-06,0.761342752678,0.010657303999,1.973563e-06,-0.050091196801,1.973406e-06,0.758185269345,-0.068983065785,1.973563e-06,0.758286029028,25.794596947322,3.095082919925,1.0,0.17682192737430166,0.21183464332902732,0.995,0.04,0.0,0.007,0.05,6.0,0.0,200000.0,16.6,1.225,alpha_elevator,-5,0,6,0,0.04,0.0,0.007,0.05,11.576243877411
0.0,0.05,8.0,0.2,-0.002957477262,0.915164639936,0.912207162673,0.020262457526,0.063956516875,0.0842189744,-4.2e-11,-6.913629e-06,-6.913671e-06,10.831373442502,0.739677364375,4.66e-10,6.7638215e-05,6.7226e-08,-5.157364e-06,-0.121837985491,-5.116659e-06,-5.156898e-06,-0.121770347276,-5.049433e-06,0.020476865963,-4.2e-11,-0.00010870625,-0.06403220438,-6.913629e-06,0.91515934735,-0.043555338417,-6.913671e-06,0.9150506411,0.909138734067,0.035923158159,6.833043e-06,0.91209621133,0.015660700633,6.833085e-06,-0.09095410037,6.833043e-06,0.90529059572,-0.111430966334,6.833085e-06,0.90539930197,25.307873268096,3.020758071117,1.0,0.17682192737430166,0.21183464332902732,0.995,0.04,0.0,0.007,0.05,8.0,0.0,200000.0,16.6,1.225,alpha_elevator,-5,0,8,0,0.04,0.0,0.007,0.05,12.063409090042
0.0,0.05,-8.0,0.2,0.002172613695,-0.318179297472,-0.316006683778,0.015685634702,0.007406064401,0.023091699103,-4.8e-11,9.01429e-07,9.01382e-07,-13.684860623402,0.766558367832,1.37e-10,0.000137457331,1.9099e-08,5.099971e-06,0.01003186933,1.567826e-06,5.100108e-06,0.010169326661,1.586925e-06,0.015835352569,-4.8e-11,-3.1548454e-05,-0.0369480104,9.01429e-07,-0.31611352337,-0.021112657831,9.01382e-07,-0.316145071824,-0.322320650615,0.019130652966,3.927782e-06,-0.32449326431,0.003445018264,3.927829e-06,-0.025913889683,3.927782e-06,-0.321846320497,-0.041749242252,3.927829e-06,-0.321814772043,-16.848387307461,1.6479391992,1.0,0.17682192737430166,0.21183464332902732,0.995,0.04,0.0,0.007,0.05,-8.0,0.0,200000.0,16.6,1.225,alpha_elevator,0,0,-8,0,0.04,0.0,0.007,0.05,13.365875005722
0.0,0.05,-6.0,0.2,0.0015791683,-0.171880602937,-0.170301434637,0.015308752946,0.0027179741,0.018026727046,-8.39e-10,1.217411e-05,1.2173271e-05,-9.447163325997,0.606640603964,5.3e-11,0.000141847212,7.979e-09,7.711715e-06,-0.000363108969,2.212073e-06,7.711768e-06,-0.000221261757,2.220052e-06,0.015389958031,-8.39e-10,-2.9682969e-05,-0.015263330537,1.217411e-05,-0.171223128666,0.000126627494,1.2173271e-05,-0.171252811635,-0.172850009827,0.017019976299,1.6570894e-05,-0.174429178127,0.001711223353,1.6571733e-05,-0.001141006815,1.6570894e-05,-0.173682191355,-0.016530964846,1.6571733e-05,-0.173652508386,-10.155713896882,0.963540759587,1.0,0.17682192737430166,0.21183464332902732,0.995,0.04,0.0,0.007,0.05,-6.0,0.0,200000.0,16.6,1.225,alpha_elevator,0,0,-6,0,0.04,0.0,0.007,0.05,11.897701025009
0.0,0.05,-4.0,0.2,0.001033617907,-0.024168820203,-0.023135202296,0.01519867303,0.000968104982,0.016166778012,-5.71e-10,-2.995837e-06,-2.996408e-06,-1.431033584976,0.031431443309,-1.4e-11,0.000139195334,2.367e-09,8.539492e-06,-0.010650547776,-2.190732e-06,8.539478e-06,-0.010511352442,-2.188365e-06,0.015233751367,-5.71e-10,-2.9105771e-05,-0.000720184945,-2.995837e-06,-0.024177477761,0.014513566422,-2.996408e-06,-0.024206583532,-0.023473740265,0.016057210009,1.372894e-06,-0.024507358172,0.000858536979,1.373465e-06,0.014380650106,1.372894e-06,-0.024536653762,-0.000853101261,1.373465e-06,-0.024507547992,-1.461881625258,0.035442779516,1.0,0.17682192737430166,0.21183464332902732,0.995,0.04,0.0,0.007,0.05,-4.0,0.0,200000.0,16.6,1.225,alpha_elevator,0,0,-4,0,0.04,0.0,0.007,0.05,12.511868000031
0.0,0.05,-2.0,0.2,0.000506457017,0.124975183347,0.125481640365,0.015357405944,0.002266646805,0.01762405275,-1e-11,9.50268e-07,9.50258e-07,7.119908351748,0.394926883893,-4e-11,0.000129359843,-6.618e-09,3.41135e-06,-0.021165108575,5.86525e-07,3.41131e-06,-0.021035748733,5.79908e-07,0.015365725722,-1e-11,-2.9817241e-05,0.006626837025,9.50268e-07,0.124819947009,0.021992562747,9.50258e-07,0.124790129769,0.126073984993,0.016217095974,1.367487e-06,0.125567527976,0.00085969003,1.367497e-06,0.020607135581,1.367487e-06,0.125431215641,0.005241409859,1.367497e-06,0.125461032881,7.774140647262,1.041258742833,1.0,0.17682192737430166,0.21183464332902732,0.995,0.04,0.0,0.007,0.05,-2.0,0.0,200000.0,16.6,1.225,alpha_elevator,0,0,-2,0,0.04,0.0,0.007,0.05,14.711472988129
0.0,0.05,0.0,0.2,-3.1816474e-05,0.275266393939,0.275234577465,0.015785541355,0.006761518662,0.022547060017,-1.19e-10,3.941687e-06,3.941568e-06,12.207116017029,0.636944968472,-5.7e-11,0.000112398457,-9.692e-09,3.433796e-06,-0.031953817644,2.16592e-06,3.433739e-06,-0.031841419187,2.156229e-06,0.015785541355,-1.19e-10,-3.1816474e-05,0.006761518662,3.941687e-06,0.275266393939,0.022547060017,3.941568e-06,0.275234577465,0.275770412879,0.017482642623,4.469753e-06,0.275802229353,0.001697101268,4.469872e-06,0.017482642623,4.469753e-06,0.275770412879,0.001697101268,4.469872e-06,0.275802229353,15.773954706416,2.537689042148,1.0,0.17682192737430166,0.21183464332902732,0.995,0.04,0.0,0.007,0.05,0.0,0.0,200000.0,16.6,1.225,alpha_elevator,0,0,0,0,0.04,0.0,0.007,0.05,12.262368917465
0.0,0.05,2.0,0.2,-0.000610697826,0.426069186177,0.42545848835,0.016482319598,0.014550567921,0.031032887519,-1.2e-11,-1.855981e-06,-1.855993e-06,13.709922677859,0.707252705018,-6.9e-11,8.8290297e-05,-1.2023e-08,2.416128e-06,-0.042322679767,-4.90948e-07,2.41606e-06,-0.04223438947,-5.02971e-07,0.016493592061,-1.2e-11,-3.5101147e-05,-0.00032789605,-1.855981e-06,0.426317443838,0.016165696011,-1.855993e-06,0.42628234269,0.425313624238,0.019880371097,-2.463053e-06,0.425924322064,0.0033980515,-2.463041e-06,0.005025029086,-2.463053e-06,0.425748349615,-0.011468562975,-2.463041e-06,0.425783450763,21.393646132642,3.028479269015,1.0,0.17682192737430166,0.21183464332902732,0.995,0.04,0.0,0.007,0.05,2.0,0.0,200000.0,16.6,1.225,alpha_elevator,0,0,2,0,0.04,0.0,0.007,0.05,12.77997803688
0.0,0.05,4.0,0.2,-0.001259305668,0.577280819447,0.576021513779,0.017440393166,0.025737890319,0.043178283485,-1.3e-11,4.397e-09,4.383e-09,13.340537587133,0.732899860062,-5.5e-11,5.7088076e-05,-1.3031e-08,1.876632e-06,-0.052815570213,-2.14262e-07,1.876577e-06,-0.052758482137,-2.27293e-07,0.017485753968,-1.3e-11,-3.9657734e-05,-0.014593880213,4.397e-09,0.577669976855,0.002891873755,4.383e-09,0.57763031912,0.574833500676,0.023454234046,4.6399e-08,0.576092806344,0.006013840879,4.6413e-08,-0.016701257287,4.6399e-08,0.575069319821,-0.034187011255,4.6413e-08,0.575108977556,24.508730472982,3.136647043231,1.0,0.17682192737430166,0.21183464332902732,0.995,0.04,0.0,0.007,0.05,4.0,0.0,200000.0,16.6,1.225,alpha_elevator,0,0,4,0,0.04,0.0,0.007,0.05,12.570194959641
0.0,0.05,6.0,0.2,-0.002005974594,0.728656691132,0.726650716539,0.018650561434,0.040384765642,0.059035327076,1e-12,-6.44453e-07,-6.44452e-07,12.308743806959,0.743316924966,-1.9e-11,1.8883697e-05,-9.517e-09,1.016815e-06,-0.06351301349,-5.42366e-07,1.016796e-06,-0.063494129793,-5.51883e-07,0.018758073148,1e-12,-4.5471129e-05,-0.036001830503,-6.44453e-07,0.72888639103,-0.017243757355,-6.44452e-07,0.7288409199,0.724349369608,0.028207079586,2.01752e-07,0.726355344201,0.009556518152,2.01751e-07,-0.047662568221,2.01752e-07,0.723329750653,-0.06642064137,2.01751e-07,0.723375221783,25.679700991324,3.141173315869,1.0,0.17682192737430166,0.21183464332902732,0.995,0.04,0.0,0.007,0.05,6.0,0.0,200000.0,16.6,1.225,alpha_elevator,0,0,6,0,0.04,0.0,0.007,0.05,16.125211954117
0.0,0.05,8.0,0.2,-0.002878005681,0.879643873368,0.876765867688,0.020100708942,0.058564985347,0.078665694289,-4e-12,-3.734375e-06,-3.734379e-06,11.145466592715,0.74622433263,-5.9e-11,-2.6229847e-05,-1.361e-08,1.647903e-06,-0.074109311978,-1.843149e-06,1.647844e-06,-0.074135541825,-1.856759e-06,0.020305631199,-4e-12,-5.2519132e-05,-0.064427730662,-3.734375e-06,0.879233910279,-0.044122099463,-3.734379e-06,0.879181391147,0.873605162969,0.034227147495,-2.488418e-06,0.87648316865,0.014126438553,-2.488414e-06,-0.087688288297,-2.488418e-06,0.86986679583,-0.107993919496,-2.488414e-06,0.869919314963,25.523750207509,3.093675517857,1.0,0.17682192737430166,0.21183464332902732,0.995,0.04,0.0,0.007,0.05,8.0,0.0,200000.0,16.6,1.225,alpha_elevator,0,0,8,0,0.04,0.0,0.007,0.05,12.672352075577
0.0,0.05,-8.0,0.2,0.00227148601,-0.350382751493,-0.348111265483,0.015939042748,0.011228527521,0.027167570269,2.175e-09,-1.8522217e-05,-1.8520042e-05,-12.81348541812,0.613555035241,-3.1e-11,8.4525023e-05,5.063e-08,1.4027037e-05,0.053081507618,-8.498588e-06,1.4027007e-05,0.053166032642,-8.447958e-06,0.016100054831,2.175e-09,3.1094059e-05,-0.037644601785,-1.8522217e-05,-0.348535559636,-0.021544546954,-1.8520042e-05,-0.348504465577,-0.353756683403,0.021337466999,-1.0758034e-05,-0.356028169413,0.005398424251,-1.0760208e-05,-0.028103602378,-1.0758034e-05,-0.353283549126,-0.044203657209,-1.0760208e-05,-0.353314643185,-16.57913206951,1.276172319636,1.0,0.17682192737430166,0.21183464332902732,0.995,0.04,0.0,0.007,0.05,-8.0,0.0,200000.0,16.6,1.225,alpha_elevator,5,0,-8,0,0.04,0.0,0.007,0.05,11.996082782745
0.0,0.05,-6.0,0.2,0.001663580599,-0.204747354258,-0.203083773659,0.015529477149,0.005717518154,0.021246995302,2.908e-09,-7.036515e-06,-7.033607e-06,-9.558234977287,0.410093677402,1.59e-10,8.7841922e-05,1.8946e-08,1.0528396e-05,0.043639315054,-3.896007e-06,1.0528555e-05,0.043727156976,-3.877061e-06,0.015618296571,2.908e-09,3.1194949e-05,-0.015715729308,-7.036515e-06,-0.204223370215,-9.7432736e-05,-7.033607e-06,-0.204192175266,-0.20482386645,0.018942150417,-8.438298e-06,-0.206487447049,0.003412673269,-8.441206e-06,-0.002571540665,-8.438298e-06,-0.205681813753,-0.018189837237,-8.441206e-06,-0.205713008701,-10.813126384106,0.687061977669,1.0,0.17682192737430166,0.21183464332902732,0.995,0.04,0.0,0.007,0.05,-6.0,0.0,200000.0,16.6,1.225,alpha_elevator,5,0,-6,0,0.04,0.0,0.007,0.05,12.192745923996
0.0,0.05,-4.0,0.2,0.001105988968,-0.05747594684,-0.056369957872,0.015383633724,0.003059644742,0.018443278466,-5.33e-09,2.195605e-06,2.190275e-06,-3.056395747371,0.059042480339,-3.45e-10,8.3781412e-05,4.032e-09,1.6354553e-05,0.033833113059,-8.48363e-07,1.6354208e-05,0.033916894471,-8.44331e-07,0.015423309856,-5.33e-09,3.0186792e-05,-0.000957127775,2.195605e-06,-0.05754936835,0.014466182081,2.190275e-06,-0.057519181558,-0.055834964465,0.017701897944,6.453137e-06,-0.056940953433,0.002318264219,6.458467e-06,0.013763926777,6.453137e-06,-0.056933775277,-0.001659383079,6.458467e-06,-0.056963962069,-3.154179548615,0.077924256011,1.0,0.17682192737430166,0.21183464332902732,0.995,0.04,0.0,0.007,0.05,-4.0,0.0,200000.0,16.6,1.225,alpha_elevator,5,0,-4,0,0.04,0.0,0.007,0.05,11.443047046661
0.0,0.05,-2.0,0.2,0.000569562976,0.091303632108,0.091873195084,0.015505296003,0.003442654463,0.018947950466,5.693e-09,-2.6520495e-05,-2.6514802e-05,4.84871412614,0.139387677408,-1.55e-10,7.2287633e-05,-1.1558e-08,8.559739e-06,0.023676025547,-8.12553e-06,8.559583e-06,0.02374831318,-8.137088e-06,0.015515728057,5.693e-09,2.8088987e-05,0.006627008098,-2.6520495e-05,0.091127865494,0.022142736155,-2.6514802e-05,0.091155954481,0.093333858936,0.017567630951,-1.2078469e-05,0.09276429596,0.002062334948,-1.2084162e-05,0.020814233927,-1.2078469e-05,0.092663900992,0.00529850587,-1.2084162e-05,0.092635812005,5.312831263185,0.232679764339,1.0,0.17682192737430166,0.21183464332902732,0.995,0.04,0.0,0.007,0.05,-2.0,0.0,200000.0,16.6,1.225,alpha_elevator,5,0,-2,0,0.04,0.0,0.007,0.05,15.283149003983
0.0,0.05,0.0,0.2,2.4940134e-05,0.241077619508,0.241102559642,0.015897852758,0.006982121253,0.022879974011,1.002e-09,-1.4360539e-05,-1.4359537e-05,10.537711254522,0.473321717533,-2.98e-10,5.3350908e-05,-2.4867e-08,9.216231e-06,0.013633457936,-3.941912e-06,9.215933e-06,0.013686808844,-3.966779e-06,0.015897852758,1.002e-09,2.4940134e-05,0.006982121253,-1.4360539e-05,0.241077619508,0.022879974011,-1.4359537e-05,0.241102559642,0.24250609369,0.018526219651,-7.008112e-06,0.242481153556,0.002628366893,-7.009113e-06,0.018526219651,-7.008112e-06,0.24250609369,0.002628366893,-7.009113e-06,0.242481153556,13.089885484292,1.257354759861,1.0,0.17682192737430166,0.21183464332902732,0.995,0.04,0.0,0.007,0.05,0.0,0.0,200000.0,16.6,1.225,alpha_elevator,5,0,0,0,0.04,0.0,0.007,0.05,12.369256973267
0.0,0.05,2.0,0.2,-0.000557481876,0.391596224376,0.3910387425,0.016558147536,0.013786301911,0.030344449447,1.02e-10,3.667254e-06,3.667356e-06,12.88666460028,0.630568056733,-2.98e-10,2.7017674e-05,-4.575e-08,8.248603e-06,0.003592284677,2.610779e-06,8.248306e-06,0.003619302351,2.56503e-06,0.016567516597,1.02e-10,2.0728742e-05,0.000111392527,3.667254e-06,0.391838809535,0.016678909124,3.667356e-06,0.391859538277,0.391677423455,0.020576072945,2.025085e-06,0.392234905331,0.004017925409,2.024984e-06,0.006894193609,2.025085e-06,0.392156918741,-0.009673322988,2.024984e-06,0.392136189999,19.035577123965,2.163604527331,1.0,0.17682192737430166,0.21183464332902732,0.995,0.04,0.0,0.007,0.05,2.0,0.0,200000.0,16.6,1.225,alpha_elevator,5,0,2,0,0.04,0.0,0.007,0.05,14.520389080048
0.0,0.05,4.0,0.2,-0.001206852435,0.54271542142,0.541508568985,0.017480105427,0.023986347226,0.041466452653,-1.503e-09,-1.710562e-06,-1.712065e-06,13.058955718026,0.695003076224,-5.58e-10,-6.69243e-06,-7.2163e-08,1.2181173e-05,-0.006725603306,4.55821e-07,1.2180614e-05,-0.006732295736,3.83658e-07,0.017521710539,-1.503e-09,1.5437913e-05,-0.013929996355,-1.710562e-06,0.54306659693,0.003591714184,-1.712065e-06,0.543082034843,0.541015436412,0.023739333923,1.870875e-06,0.542222288847,0.006259228495,1.872378e-06,-0.014057822987,1.870875e-06,0.541353522224,-0.031579533526,1.872378e-06,0.541338084311,22.789832190593,2.66336100721,1.0,0.17682192737430166,0.21183464332902732,0.995,0.04,0.0,0.007,0.05,4.0,0.0,200000.0,16.6,1.225,alpha_elevator,5,0,4,0,0.04,0.0,0.007,0.05,12.461488008499
0.0,0.05,6.0,0.2,-0.001951657347,0.693756187019,0.691804529672,0.018655868462,0.037583088276,0.056238956738,8.39e-10,-5.234356e-06,-5.233516e-06,12.301162215578,0.723959905672,-4.22e-10,-4.7639772e-05,-6.3112e-08,7.076881e-06,-0.016859774069,1.068878e-06,7.07646e-06,-0.016907413842,1.005766e-06,0.018757673406,8.39e-10,9.103298e-06,-0.035140063925,-5.234356e-06,0.6938842205,-0.016382390519,-5.233516e-06,0.693893323798,0.690074118436,0.028152217727,-7.061383e-06,0.692025775783,0.009496349265,-7.062223e-06,-0.044134390208,-7.061383e-06,0.689236528268,-0.062892063614,-7.062223e-06,0.68922742497,24.512247138889,2.865169370251,1.0,0.17682192737430166,0.21183464332902732,0.995,0.04,0.0,0.007,0.05,6.0,0.0,200000.0,16.6,1.225,alpha_elevator,5,0,6,0,0.04,0.0,0.007,0.05,13.674400091171
0.0,0.05,8.0,0.2,-0.002819201292,0.844841410295,0.842022209003,0.020071944676,0.054773246048,0.074845190724,-1.2e-10,1.823364e-06,1.823244e-06,11.250184559101,0.735899977831,-4.94e-10,-9.5703476e-05,-8.3264e-08,7.359918e-06,-0.027501413285,1.658148e-06,7.359424e-06,-0.027597116761,1.574885e-06,0.020268962876,-1.2e-10,1.709764e-06,-0.063339002307,1.823364e-06,0.844242434268,-0.043070039432,1.823244e-06,0.844244144032,0.839267503831,0.033705416719,1.189299e-06,0.842086705123,0.013633472043,1.18942e-06,-0.083426063123,1.189299e-06,0.83579069754,-0.103695025999,1.18942e-06,0.835788987776,24.900077955914,2.956519837733,1.0,0.17682192737430166,0.21183464332902732,0.995,0.04,0.0,0.007,0.05,8.0,0.0,200000.0,16.6,1.225,alpha_elevator,5,0,8,0,0.04,0.0,0.007,0.05,12.760946035385
0.0,0.05,-8.0,0.2,0.002408545917,-0.38132869482,-0.378920148903,0.016326198353,0.016235282832,0.032561481184,1.2105e-08,1.6588177e-05,1.6600282e-05,-11.637067329871,0.502777363299,-7.83e-10,2.3006174e-05,9.2966e-08,1.9345738e-05,0.094984383478,3.731172e-06,1.9344955e-05,0.095007389652,3.824138e-06,0.016502517717,1.2105e-08,0.000112938462,-0.036993414768,1.6588177e-05,-0.379877144832,-0.020490897051,1.6600282e-05,-0.37976420637,-0.384297672962,0.024545658729,-9.3621311e-05,-0.386706218879,0.008219460376,-9.3633416e-05,-0.029177116772,-9.3621311e-05,-0.383973809866,-0.045679634489,-9.3633416e-05,-0.384086748328,-15.656441621899,0.99309836909,1.0,0.17682192737430166,0.21183464332902732,0.995,0.04,0.0,0.007,0.05,-8.0,0.0,200000.0,16.6,1.225,alpha_elevator,10,0,-8,0,0.04,0.0,0.007,0.05,12.2958548069
0.0,0.05,-6.0,0.2,0.001779422705,-0.23628312239,-0.234503699685,0.015880909954,0.009940117457,0.025821027411,-1.6554e-08,-3.0650865e-05,-3.0667419e-05,-9.081888801355,0.31451984841,1.07e-10,2.7393986e-05,3.3161e-08,2.5068436e-05,0.08599105529,-1.0974087e-05,2.5068543e-05,0.086018449276,-1.0940926e-05,0.015979912989,-1.6554e-08,0.000109667728,-0.014812647226,-3.0650865e-05,-0.236027763925,0.001167265763,-3.0667419e-05,-0.235918096197,-0.235900214624,0.021931363348,3.741333e-06,-0.237679637329,0.006050453393,3.757887e-06,-0.002847065875,3.741333e-06,-0.236900380274,-0.018826978863,3.757887e-06,-0.237010048002,-10.756295032098,0.516715695908,1.0,0.17682192737430166,0.21183464332902732,0.995,0.04,0.0,0.007,0.05,-6.0,0.0,200000.0,16.6,1.225,alpha_elevator,10,0,-6,0,0.04,0.0,0.007,0.05,12.291144132614
0.0,0.05,-4.0,0.2,0.001203456385,-0.089430175131,-0.088226718745,0.015698038664,0.006446664075,0.02214470274,-1.404e-09,-2.8479188e-05,-2.8480593e-05,-3.984100386578,0.068644443891,-2.485e-09,2.410057e-05,3.0765e-08,2.7863975e-05,0.076694020754,-9.091176e-06,2.786149e-05,0.076718121323,-9.060412e-06,0.015743747905,-1.404e-09,0.000105485004,0.000192626662,-2.8479188e-05,-0.089662024272,0.015936374567,-2.8480593e-05,-0.089556539268,-0.087234550907,0.020339561551,-4.175424e-05,-0.088438007293,0.004641522887,-4.1752836e-05,0.014204840741,-4.175424e-05,-0.088440868017,-0.001538907163,-4.1752836e-05,-0.088546353021,-4.288910097144,0.09534105103,1.0,0.17682192737430166,0.21183464332902732,0.995,0.04,0.0,0.007,0.05,-4.0,0.0,200000.0,16.6,1.225,alpha_elevator,10,0,-4,0,0.04,0.0,0.007,0.05,12.165427923203
0.0,0.05,-2.0,0.2,0.000651784099,0.058625934189,0.059277718288,0.015784237902,0.005956945558,0.02174118346,2.6324e-08,-1.3976014e-05,-1.394969e-05,2.726517551172,0.033535092009,3.13e-10,1.2963374e-05,-2.7007e-08,1.0153109e-05,0.067388881218,-3.874203e-06,1.0153422e-05,0.067401844592,-3.90121e-06,0.015797369508,2.6324e-08,0.000100525092,0.007999332345,-1.3976014e-05,0.058382326452,0.023796701853,-1.394969e-05,0.058482851543,0.061362848554,0.019916397588,-2.0660284e-05,0.060711064454,0.004132159685,-2.0686608e-05,0.022045797587,-2.0660284e-05,0.060630395712,0.006248428079,-2.0686608e-05,0.060529870621,3.081021468995,0.048344384676,1.0,0.17682192737430166,0.21183464332902732,0.995,0.04,0.0,0.007,0.05,-2.0,0.0,200000.0,16.6,1.225,alpha_elevator,10,0,-2,0,0.04,0.0,0.007,0.05,12.737045049667
0.0,0.05,0.0,0.2,9.4647581e-05,0.208035247035,0.208129894616,0.016137757562,0.008602497144,0.024740254706,1.561e-09,-2.563778e-06,-2.562216e-06,8.412601126741,0.286275754415,-5.41e-10,-5.733453e-06,-5.9925e-08,1.75868e-05,0.057723650115,8.28746e-07,1.7586259e-05,0.057717916663,7.68821e-07,0.016137757562,1.561e-09,9.4647581e-05,0.008602497144,-2.563778e-06,0.208035247035,0.024740254706,-2.562216e-06,0.208129894616,0.210173429671,0.020555105563,-4.92508e-06,0.21007878209,0.004417348001,-4.926642e-06,0.020555105563,-4.92508e-06,0.210173429671,0.004417348001,-4.926642e-06,0.21007878209,10.224877173554,0.557503361585,1.0,0.17682192737430166,0.21183464332902732,0.995,0.04,0.0,0.007,0.05,0.0,0.0,200000.0,16.6,1.225,alpha_elevator,10,0,0,0,0.04,0.0,0.007,0.05,12.108458995819
0.0,0.05,2.0,0.2,-0.000497203602,0.358306283298,0.357809079696,0.016758598523,0.014485474892,0.031244073415,3.443e-09,-5.635346e-06,-5.631902e-06,11.452062442215,0.502470017579,-8.47e-10,-3.2301942e-05,-7.9858e-08,1.6270798e-05,0.047876475237,2.0883e-07,1.6269951e-05,0.047844173294,1.28971e-07,0.016765741793,3.443e-09,8.7965935e-05,0.001971941779,-5.635346e-06,0.358593548574,0.018737683573,-5.631902e-06,0.358681514509,0.359091809824,0.022267404951,-8.789546e-06,0.359589013426,0.005508806428,-8.792989e-06,0.009721716817,-8.789546e-06,0.359650182021,-0.007044024976,-8.792989e-06,0.359562216086,16.126342993856,1.321251149167,1.0,0.17682192737430166,0.21183464332902732,0.995,0.04,0.0,0.007,0.05,2.0,0.0,200000.0,16.6,1.225,alpha_elevator,10,0,2,0,0.04,0.0,0.007,0.05,11.863250017166
0.0,0.05,4.0,0.2,-0.001153047668,0.509036629459,0.507883581792,0.017642863555,0.023704475622,0.041347339178,-1.9317e-08,3.1903292e-05,3.1883975e-05,12.283343786891,0.618640247932,-2.94e-10,-6.6494397e-05,-1.50621e-07,1.848397e-05,0.038063118931,1.3020136e-05,1.8483676e-05,0.037996624534,1.2869516e-05,0.017680318966,-1.9317e-08,8.0465047e-05,-0.011861867567,3.1903292e-05,0.509450182446,0.005818451399,3.1883975e-05,0.509530647492,0.508005013462,0.025129796414,4.2788279e-05,0.509158061129,0.007486932859,4.2807595e-05,-0.010368056891,4.2788279e-05,0.508520504765,-0.028048375856,4.2807595e-05,0.508440039718,20.215245881655,1.958684945226,1.0,0.17682192737430166,0.21183464332902732,0.995,0.04,0.0,0.007,0.05,4.0,0.0,200000.0,16.6,1.225,alpha_elevator,10,0,4,0,0.04,0.0,0.007,0.05,12.780460834503
0.0,0.05,6.0,0.2,-0.00190143923,0.659923516828,0.658022077598,0.018781599283,0.036329914351,0.055111513634,-5.034e-09,-2.63127e-07,-2.68161e-07,11.939829524029,0.677573999382,-1.102e-09,-0.000108280667,-1.44938e-07,1.7219426e-05,0.028178251292,6.22206e-07,1.7218324e-05,0.028069970625,4.77269e-07,0.018877466237,-5.034e-09,7.2188764e-05,-0.032849895809,-2.63127e-07,0.660105896871,-0.013972429572,-2.68161e-07,0.660178085636,0.656853499061,0.029114639775,3.967244e-06,0.658754938291,0.010333040492,3.972278e-06,-0.039704740117,3.967244e-06,0.65629849542,-0.058582206354,3.972278e-06,0.656226306656,22.560935121747,2.382280934838,1.0,0.17682192737430166,0.21183464332902732,0.995,0.04,0.0,0.007,0.05,6.0,0.0,200000.0,16.6,1.225,alpha_elevator,10,0,6,0,0.04,0.0,0.007,0.05,14.051785945892
0.0,0.05,8.0,0.2,-0.002769917743,0.810628226674,0.807858308931,0.020162472426,0.05249641797,0.072658890396,5.755e-09,-1.2204138e-05,-1.2198384e-05,11.118506001523,0.70677454169,-9.65e-10,-0.000157478039,-1.10226e-07,1.0205004e-05,0.018139110749,1.530045e-06,1.0204039e-05,0.01798163271,1.41982e-06,0.020351750672,5.755e-09,6.3112717e-05,-0.060832117593,-1.2204138e-05,0.810045337774,-0.040480366921,-1.2198384e-05,0.81010845049,0.805563000253,0.034301102733,-2.3562101e-05,0.808332917996,0.014138630306,-2.3567856e-05,-0.078145414005,-2.3562101e-05,0.802497107344,-0.098497164677,-2.3567856e-05,0.802433994627,23.48504672081,2.624238058901,1.0,0.17682192737430166,0.21183464332902732,0.995,0.04,0.0,0.007,0.05,8.0,0.0,200000.0,16.6,1.225,alpha_elevator,10,0,8,0,0.04,0.0,0.007,0.05,13.161010026932
0.0,0.05,-8.0,0.2,0.002834412609,-0.438612888243,-0.435778475635,0.017450229298,0.029280607609,0.046730836908,2.423e-08,1.4206737e-05,1.4230967e-05,-9.325287208025,0.368715710212,-2.84e-10,-0.000205942124,1.08324e-07,2.3911499e-05,0.173428042804,7.75276e-07,2.3911215e-05,0.173222100681,8.836e-07,0.017674878859,2.423e-08,0.000378225776,-0.032047465029,1.4206737e-05,-0.438419410725,-0.014372586171,1.4230967e-05,-0.438041184949,-0.44332796282,0.033906660629,7.080459e-06,-0.446162375429,0.016456431331,7.056229e-06,-0.028122643989,7.080459e-06,-0.443732420664,-0.045797522848,7.056229e-06,-0.44411064644,-13.074952077043,0.656048678662,1.0,0.17682192737430166,0.21183464332902732,0.995,0.04,0.0,0.007,0.05,-8.0,0.0,200000.0,16.6,1.225,alpha_elevator,20,0,-8,0,0.04,0.0,0.007,0.05,11.964553117752
0.0,0.05,-6.0,0.2,0.002143860286,-0.294668714874,-0.292524854588,0.01693259927,0.021548969059,0.038481568329,-2.6007e-07,9.3990063e-05,9.3729993e-05,-7.60168743874,0.225755959153,9.419e-09,-0.000190646002,-1.04083e-07,2.9019967e-05,0.165473331304,3.4640402e-05,2.9029386e-05,0.165282685302,3.4536319e-05,0.01706393514,-2.6007e-07,0.000362177414,-0.009370346387,9.3990063e-05,-0.295306969443,0.007693588753,9.3729993e-05,-0.294944792029,-0.295470529726,0.030926609046,8.5971844e-05,-0.297614390012,0.013994009776,8.6231915e-05,-0.000127890568,8.5971844e-05,-0.297084622166,-0.017191825708,8.6231915e-05,-0.29744679958,-9.553925853642,0.347635042177,1.0,0.17682192737430166,0.21183464332902732,0.995,0.04,0.0,0.007,0.05,-6.0,0.0,200000.0,16.6,1.225,alpha_elevator,20,0,-6,0,0.04,0.0,0.007,0.05,11.831640958786
0.0,0.05,-4.0,0.2,0.001511663388,-0.148768864147,-0.147257200759,0.016669595534,0.016542290305,0.033211885839,-3.511e-09,-3.8480122e-05,-3.8483634e-05,-4.433870496587,0.074524250922,5.42e-10,-0.000183355897,9.121e-09,3.0152944e-05,0.156860214518,-1.2851693e-05,3.0153486e-05,0.156676858622,-1.2842572e-05,0.016734437545,-3.511e-09,0.000345168849,0.006124402751,-3.8480122e-05,-0.14956040251,0.022858840296,-3.8483634e-05,-0.149215233661,-0.147413907761,0.028766093711,-1.266563e-05,-0.148925571149,0.012096498177,-1.2662118e-05,0.018412946567,-1.266563e-05,-0.149061436152,0.001678509022,-1.2662118e-05,-0.149406605,-5.124571630786,0.101913940338,1.0,0.17682192737430166,0.21183464332902732,0.995,0.04,0.0,0.007,0.05,-4.0,0.0,200000.0,16.6,1.225,alpha_elevator,20,0,-4,0,0.04,0.0,0.007,0.05,11.895689964294
0.0,0.05,-2.0,0.2,0.000911434404,-0.001700230408,-0.000788796004,0.016680521397,0.014513350953,0.03119387235,1.00249e-07,-3.4910273e-05,-3.4810024e-05,-0.025286889534,2.43726e-06,-4.826e-09,-0.0001857681,1.94e-08,2.7724768e-05,0.148465559331,-1.1536815e-05,2.7719942e-05,0.148279791231,-1.1517415e-05,0.016702168676,1.00249e-07,0.000328737381,0.014445172627,-3.4910273e-05,-0.002205703318,0.031147341303,-3.4810024e-05,-0.001876965936,0.000521477222,0.02777794988,-2.4968278e-05,-0.000389957183,0.011097428483,-2.5068527e-05,0.027779227596,-2.4968278e-05,-0.000448276918,0.01107705892,-2.5068527e-05,-0.0007770143,0.018773063665,3.187478e-06,1.0,0.17682192737430166,0.21183464332902732,0.995,0.04,0.0,0.007,0.05,-2.0,0.0,200000.0,16.6,1.225,alpha_elevator,20,0,-2,0,0.04,0.0,0.007,0.05,11.906211853027
0.0,0.05,0.0,0.2,0.000312273394,0.146505249386,0.14681752278,0.016961142751,0.015558835368,0.032519978118,1.5879e-08,2.310513e-06,2.326392e-06,4.514687010095,0.078762387974,-1.364e-09,-0.000196713785,-7.9614e-08,2.5739823e-05,0.140066871834,3.068945e-06,2.5738459e-05,0.139870158049,2.989331e-06,0.016961142751,1.5879e-08,0.000312273394,0.015558835368,2.310513e-06,0.146505249386,0.032519978118,2.326392e-06,0.14681752278,0.148432536403,0.027756154573,-3.078585e-06,0.148120263009,0.010795011822,-3.094464e-06,0.027756154573,-3.078585e-06,0.148432536403,0.010795011822,-3.094464e-06,0.148120263009,5.347734176009,0.113520119095,1.0,0.17682192737430166,0.21183464332902732,0.995,0.04,0.0,0.007,0.05,0.0,0.0,200000.0,16.6,1.225,alpha_elevator,20,0,0,0,0.04,0.0,0.007,0.05,12.515944004059
0.0,0.05,2.0,0.2,-0.000315849823,0.295784547902,0.295468698079,0.017503807325,0.01971744827,0.037221255595,1.5378e-07,-5.5508708e-05,-5.5354928e-05,7.938171170066,0.251716928208,-4.612e-09,-0.000215904872,-7.4848e-08,2.5320249e-05,0.131193855134,-1.4122219e-05,2.5315638e-05,0.130977950262,-1.4197067e-05,0.017504167478,1.5378e-07,0.00029521665,0.009382705079,-5.5508708e-05,0.296292492968,0.026886872558,-5.5354928e-05,0.296587709618,0.296548916825,0.028858750768,-4.6780769e-05,0.296864766648,0.011354943444,-4.6934549e-05,0.018491762852,-4.6780769e-05,0.297375423114,0.000987595374,-4.6934549e-05,0.297080206464,10.275875044084,0.437097334333,1.0,0.17682192737430166,0.21183464332902732,0.995,0.04,0.0,0.007,0.05,2.0,0.0,200000.0,16.6,1.225,alpha_elevator,20,0,2,0,0.04,0.0,0.007,0.05,12.244112014771
0.0,0.05,4.0,0.2,-0.001001591453,0.445665878224,0.44466428677,0.018308583593,0.027184853551,0.045493437144,2.517e-09,-2.2961683e-05,-2.2959166e-05,9.774251291696,0.413502061912,-1.689e-09,-0.000243659078,-2.10073e-07,3.0467804e-05,0.122139598442,-2.648596e-06,3.0466116e-05,0.121895939364,-2.85867e-06,0.018333852292,2.517e-09,0.000277990604,-0.003969447519,-2.2961683e-05,0.446476578066,0.014364404773,-2.2959166e-05,0.44675456867,0.444681054188,0.031028416064,-1.8138675e-05,0.445682645642,0.012719832471,-1.8141191e-05,-6.6549879e-05,-1.8138675e-05,0.44576226638,-0.018400402171,-1.8141191e-05,0.445484275776,14.33141328481,0.883737503767,1.0,0.17682192737430166,0.21183464332902732,0.995,0.04,0.0,0.007,0.05,4.0,0.0,200000.0,16.6,1.225,alpha_elevator,20,0,4,0,0.04,0.0,0.007,0.05,11.755291938782
0.0,0.05,6.0,0.2,-0.001773595683,0.595855220333,0.594081624651,0.019365688731,0.037976567487,0.057342256218,-7.5607e-08,1.5792679e-05,1.5717072e-05,10.360276414594,0.52834391132,1.794e-09,-0.000279511108,-3.06038e-07,2.7276068e-05,0.112814132691,1.2499268e-05,2.7277862e-05,0.112534621584,1.219323e-05,0.019444992693,-7.5607e-08,0.000260385943,-0.024515302635,1.5792679e-05,0.596560695331,-0.005070309942,1.5717072e-05,0.596821081274,0.592747318057,0.034212464498,-6.5774673e-05,0.59452091374,0.014846775767,-6.5699066e-05,-0.027933921224,-6.5774673e-05,0.593076362567,-0.047378913917,-6.5699066e-05,0.592815976624,17.325478498774,1.351450881912,1.0,0.17682192737430166,0.21183464332902732,0.995,0.04,0.0,0.007,0.05,6.0,0.0,200000.0,16.6,1.225,alpha_elevator,20,0,6,0,0.04,0.0,0.007,0.05,11.767312049866
0.0,0.05,8.0,0.2,-0.002659522109,0.746155720694,0.743496198585,0.020666411336,0.052360490372,0.073026901708,-7.5296e-08,4.1619194e-05,4.1543898e-05,10.181127518676,0.600197214859,2.95e-10,-0.000323635222,-3.14531e-07,2.5284957e-05,0.10322609513,2.5004022e-05,2.5285251e-05,0.102902459908,2.4689491e-05,0.020835421181,-7.5296e-08,0.000242568728,-0.051993883769,4.1619194e-05,0.746181356325,-0.031158462588,4.1543898e-05,0.746423925054,0.741062766072,0.038754002941,2.8480935e-05,0.743722288181,0.018087591605,2.8556231e-05,-0.064759151512,2.8480935e-05,0.739244308938,-0.085594572693,2.8556231e-05,0.73900174021,19.122225056274,1.737468490921,1.0,0.17682192737430166,0.21183464332902732,0.995,0.04,0.0,0.007,0.05,8.0,0.0,200000.0,16.6,1.225,alpha_elevator,20,0,8,0,0.04,0.0,0.007,0.05,12.262475967407
0.0,0.05,-8.0,0.2,0.004597411164,-0.535585268439,-0.530987857275,0.020944930157,0.062630116186,0.083575046343,-1.093676e-06,0.000144519255,0.000143425579,-6.353425819179,0.255932912086,6.7119e-08,-0.001616502011,-5.5851e-07,8.158171e-06,0.307067336563,4.6695327e-05,8.22529e-06,0.305450834551,4.6136817e-05,0.021380931504,-1.093676e-06,0.001637698596,-0.012518458436,0.000144519255,-0.539089416907,0.008862473068,0.000143425579,-0.537451718311,-0.551889126026,0.063527165684,0.000160050424,-0.556486537191,0.042582235528,0.0001611441,-0.013899197381,0.000160050424,-0.555359451633,-0.035280128885,0.0001611441,-0.556997150229,-8.687450794999,0.376427113826,1.0,0.17682192737430166,0.21183464332902732,0.995,0.04,0.0,0.007,0.05,-8.0,0.0,200000.0,16.6,1.225,alpha_elevator,40,0,-8,0,0.04,0.0,0.007,0.05,11.927561044693
0.0,0.05,-6.0,0.2,0.003707807422,-0.394067074723,-0.390359267301,0.020300088154,0.05258223053,0.072882318684,2.19628e-07,-1.7552593e-05,-1.7332965e-05,-5.356021520036,0.164751796794,-7.513e-09,-0.001532765123,9.4044e-08,1.631445e-06,0.301000271233,-6.12085e-07,1.623932e-06,0.29946750611,-5.18041e-07,0.020576453559,2.19628e-07,0.001565558646,0.011102953825,-1.7552593e-05,-0.397404673809,0.031679407383,-1.7332965e-05,-0.395839115163,-0.405411711643,0.059673193243,-3.8647125e-05,-0.409119519065,0.03937310509,-3.8866753e-05,0.016969234038,-3.8647125e-05,-0.409428371056,-0.00360721952,-3.8866753e-05,-0.410993929702,-6.793866552254,0.220023717701,1.0,0.17682192737430166,0.21183464332902732,0.995,0.04,0.0,0.007,0.05,-6.0,0.0,200000.0,16.6,1.225,alpha_elevator,40,0,-6,0,0.04,0.0,0.007,0.05,11.498933076859
0.0,0.05,-4.0,0.2,0.002885813146,-0.250238949413,-0.247353136267,0.019891626861,0.045315548819,0.06520717568,2.513375e-06,-0.000309926839,-0.000307413464,-3.793342276948,0.076758728968,-9.2792e-08,-0.001456117973,1.150984e-06,2.8973743e-05,0.293783344224,-0.000115515594,2.8880951e-05,0.292327226251,-0.000114364611,0.020044476007,2.513375e-06,0.001491213703,0.027749375715,-0.000309926839,-0.252790432801,0.047793851722,-0.000307413464,-0.251299219098,-0.258550146386,0.056760571565,-0.000258734934,-0.261435959531,0.036868944704,-0.000261248309,0.038586759167,-0.000258734934,-0.261879748544,0.018542283161,-0.000261248309,-0.263370962247,-4.555101177788,0.094344005715,1.0,0.17682192737430166,0.21183464332902732,0.995,0.04,0.0,0.007,0.05,-4.0,0.0,200000.0,16.6,1.225,alpha_elevator,40,0,-4,0,0.04,0.0,0.007,0.05,11.648612976074
0.0,0.05,-2.0,0.2,0.002118633719,-0.105691226951,-0.103572593232,0.019780478042,0.040920744402,0.060701222444,4.547933e-06,-0.000521338387,-0.000516790454,-1.706268655922,0.014903434085,-1.92866e-07,-0.00140270124,2.15473e-06,1.0668551e-05,0.287494777372,-0.000186732813,1.0475686e-05,0.286092076132,-0.000184578083,0.01984236756,4.547933e-06,0.001427014376,0.037207245964,-0.000521338387,-0.107054956095,0.057049613523,-0.000516790454,-0.105627941719,-0.112233015983,0.054700427285,-0.000506873914,-0.114351649702,0.034919949243,-0.000511421847,0.050750229492,-0.000506873914,-0.114073664044,0.030907861932,-0.000511421847,-0.11550067842,-2.051775855377,0.017464504678,1.0,0.17682192737430166,0.21183464332902732,0.995,0.04,0.0,0.007,0.05,-2.0,0.0,200000.0,16.6,1.225,alpha_elevator,40,0,-2,0,0.04,0.0,0.007,0.05,12.41884303093
0.0,0.05,0.0,0.2,0.001356264551,0.040916278858,0.04227254341,0.019892060462,0.039296403022,0.059188463484,-1.110567e-06,0.000269173122,0.000268062555,0.71420241245,0.002585259452,5.1381e-08,-0.001350279832,-5.98525e-07,7.303974e-06,0.279601918289,0.000105057075,7.355355e-06,0.278251638458,0.00010445855,0.019892060462,-1.110567e-06,0.001356264551,0.039296403022,0.000269173122,0.040916278858,0.059188463484,0.000268062555,0.04227254341,0.034621794263,0.053796545393,0.000327154022,0.033265529712,0.033904484931,0.000328264589,0.053796545393,0.000327154022,0.034621794263,0.033904484931,0.000328264589,0.033265529712,0.643569099279,0.002996399961,1.0,0.17682192737430166,0.21183464332902732,0.995,0.04,0.0,0.007,0.05,0.0,0.0,200000.0,16.6,1.225,alpha_elevator,40,0,0,0,0.04,0.0,0.007,0.05,12.538677930832
0.0,0.05,2.0,0.2,0.000585346953,0.187836528087,0.18842187504,0.020293155089,0.040927356814,0.061220511903,6.08978e-07,-8.4612904e-05,-8.4003926e-05,3.077757261144,0.049316145022,-1.1424e-08,-0.001316801704,1.71708e-07,1.7159307e-05,0.272341700662,-2.5840963e-05,1.7147883e-05,0.271024898959,-2.5669255e-05,0.020260364733,6.08978e-07,0.001293211275,0.034347024682,-8.4612904e-05,0.189150447304,0.054607389415,-8.4003926e-05,0.190443658578,0.180975314604,0.053697410018,-7.4245135e-05,0.180389967651,0.03340425493,-7.4854113e-05,0.047348751611,-7.4245135e-05,0.182739081916,0.027088386879,-7.4854113e-05,0.181445870642,3.370280140951,0.060422825424,1.0,0.17682192737430166,0.21183464332902732,0.995,0.04,0.0,0.007,0.05,2.0,0.0,200000.0,16.6,1.225,alpha_elevator,40,0,2,0,0.04,0.0,0.007,0.05,12.366334915161
0.0,0.05,4.0,0.2,-0.000229485813,0.3355637725,0.335334286688,0.02095409896,0.045606881088,0.066560980048,-2.778463e-06,0.000390258251,0.000387479788,5.038001039706,0.140173437726,1.12159e-07,-0.001296401055,-1.456378e-06,2.1339002e-05,0.26495072617,0.000146306332,2.1451161e-05,0.263654325115,0.000144849954,0.02091906395,-2.778463e-06,0.001232757257,0.022088039532,0.000390258251,0.337927731219,0.043007103482,0.000387479788,0.339160488476,0.327469288948,0.054711279353,0.000308599378,0.327698774761,0.033757180393,0.000311377841,0.03173490257,0.000308599378,0.330488056141,0.01081583862,0.000311377841,0.329255298883,5.985407265552,0.18937817767,1.0,0.17682192737430166,0.21183464332902732,0.995,0.04,0.0,0.007,0.05,4.0,0.0,200000.0,16.6,1.225,alpha_elevator,40,0,4,0,0.04,0.0,0.007,0.05,11.832545042038
0.0,0.05,6.0,0.2,-0.001119812484,0.483832419927,0.482712607443,0.021850649619,0.053465882269,0.075316531888,1.577506e-06,-0.000186371186,-0.000184793679,6.409118892487,0.247765436722,-8.569e-08,-0.001281547845,6.71307e-07,3.3066231e-05,0.257034497561,-5.773103e-05,3.2980541e-05,0.255752949716,-5.7059723e-05,0.021848001752,1.577506e-06,0.001170336792,0.002598731238,-0.000186371186,0.486770641817,0.02444673299,-0.000184793679,0.487940978609,0.474009097987,0.05701261368,-0.00024120963,0.475128910471,0.035161964061,-0.000242787136,0.00715285003,-0.00024120963,0.477371867447,-0.014695151722,-0.000242787136,0.476201530654,8.314109236326,0.376742256125,1.0,0.17682192737430166,0.21183464332902732,0.995,0.04,0.0,0.007,0.05,6.0,0.0,200000.0,16.6,1.225,alpha_elevator,40,0,6,0,0.04,0.0,0.007,0.05,13.271435022354
0.0,0.05,8.0,0.2,-0.002110925862,0.632324704849,0.630213778987,0.02298314344,0.06470323393,0.08768637737,6.07823e-07,7.2621597e-05,7.322942e-05,7.187134397468,0.348971513746,-4.0794e-08,-0.001275653211,1.84026e-07,1.6624604e-05,0.248800034554,3.8704119e-05,1.658381e-05,0.247524381343,3.8888145e-05,0.023053257167,6.07823e-07,0.001108252866,-0.023929043483,7.2621597e-05,0.635175913996,-0.000875786316,7.322942e-05,0.636284166862,0.620448132216,0.059974007513,-5.034997e-06,0.622559058078,0.036990864073,-5.64282e-06,-0.026959345951,-5.034997e-06,0.622756742246,-0.050012603117,-5.64282e-06,0.62164848938,10.345283864538,0.610409787792,1.0,0.17682192737430166,0.21183464332902732,0.995,0.04,0.0,0.007,0.05,8.0,0.0,200000.0,16.6,1.225,alpha_elevator,40,0,8,0,0.04,0.0,0.007,0.05,12.724989891052
